id,timestamp,qtr,dept,weekday,group,planned_efficiency,std_min_value,work_in_progress,extra_hours,bonus,downtime,inactive_workers,style_changes,num_workers,real_efficiency
520,1/31/2015,Q5,B,Saturday,2,0.8,3.94,,1200,0,0.0,0,0,10.0,0.971866667
893,2/23/2015,Q4,A,Monday,11,0.75,11.41,826.0,2820,0,0.0,0,2,58.0,0.750293939
650,2/7/2015,Q1,A,Saturday,7,0.7,24.26,658.0,6960,0,270.0,45,0,58.0,0.662270115
1175,3/11/2015,Q2,B,Wednesday,2,0.75,3.9,,1920,0,0.0,0,0,8.0,0.819270833
403,1/24/2015,Q4,A,Saturday,10,0.75,22.52,1332.0,10080,69,0.0,0,0,56.0,0.80062987
518,1/31/2015,Q5,A,Saturday,3,0.8,22.52,1136.0,6960,113,0.0,0,0,58.0,1.000457471
1188,3/11/2015,Q2,A,Wednesday,5,0.7,26.82,992.0,6960,30,0.0,0,1,58.0,0.700556897
300,1/18/2015,Q3,B,Sunday,11,0.65,4.15,,2160,0,0.0,0,0,12.0,0.838383838
217,1/13/2015,Q2,B,Tuesday,1,0.8,3.94,,1440,0,0.0,0,0,2.0,0.951420455
851,2/19/2015,Q3,B,Thursday,10,0.8,3.94,,2400,0,0.0,0,0,10.0,0.733277778
477,1/28/2015,Q4,A,Wednesday,2,0.8,22.52,1559.0,6840,90,0.0,0,0,57.0,1.000230409
45,1/4/2015,Q1,A,Sunday,9,0.8,26.16,1278.0,7080,60,0.0,0,0,59.0,0.850569492
999,3/1/2015,Q1,A,Sunday,4,0.6,26.66,692.0,6840,23,0.0,0,0,57.0,0.600239766
1004,3/1/2015,Q1,B,Sunday,7,0.8,4.6,,3360,0,0.0,0,0,8.0,0.350416667
1085,3/5/2015,Q1,A,Thursday,7,0.8,30.1,834.0,1200,0,4.0,40,0,59.0,0.366053523
1112,3/8/2015,Q2,B,Sunday,5,0.5,3.94,,960,0,0.0,0,0,8.0,0.857916667
583,2/3/2015,Q1,B,Tuesday,1,0.8,3.94,,1200,0,0.0,0,0,10.0,0.99485
439,1/26/2015,Q4,B,Monday,4,0.75,4.3,,2160,0,0.0,0,0,12.0,0.963699495
1177,3/11/2015,Q2,B,Wednesday,1,0.75,3.94,,1920,0,0.0,0,0,8.0,0.812625
1097,3/7/2015,Q1,A,Saturday,10,0.7,21.82,1251.0,6000,30,0.0,0,0,50.0,0.700422
169,1/10/2015,Q2,B,Saturday,5,0.5,4.15,,1440,0,0.0,0,0,8.0,0.337973485
1149,3/9/2015,Q2,B,Monday,8,0.65,3.9,,0,960,0.0,0,0,8.0,0.2640625
905,2/24/2015,Q4,A,Tuesday,12,0.8,15.26,1062.0,4080,50,0.0,0,0,34.0,0.800401961
841,2/18/2015,Q3,A,Wednesday,10,0.7,19.68,1119.0,5640,0,8.0,35,1,47.0,0.303574468
485,1/28/2015,Q4,A,Wednesday,5,0.6,20.79,1045.0,6960,88,0.0,0,0,58.0,0.800534483
544,2/1/2015,Q1,A,Sunday,1,0.8,22.94,1582.0,3060,113,0.0,0,0,58.5,1.000402055
308,1/18/2015,Q3,B,Sunday,7,0.8,2.9,,1440,0,0.0,0,0,8.0,0.692045455
1127,3/8/2015,Q2,B,Sunday,6,0.6,2.9,,960,0,0.0,0,0,8.0,0.271875
286,1/17/2015,Q3,A,Saturday,8,0.8,25.9,1292.0,10170,50,0.0,0,0,56.5,0.800128721
154,1/10/2015,Q2,A,Saturday,8,0.8,25.9,1158.0,10170,60,0.0,0,0,56.5,0.850136766
929,2/25/2015,Q4,A,Wednesday,7,0.8,30.1,786.0,7080,50,0.0,0,2,59.0,0.800115819
25,1/3/2015,Q1,A,Saturday,3,0.8,28.08,913.0,6540,50,0.0,0,0,54.5,0.800322936
194,1/12/2015,Q2,B,Monday,4,0.35,4.3,,3240,0,0.0,0,0,18.0,0.942213805
967,2/28/2015,Q4,A,Saturday,12,0.8,15.26,1194.0,1700,62,0.0,0,0,34.0,0.800260821
959,2/26/2015,Q4,B,Thursday,10,0.7,2.9,,3360,0,0.0,0,0,8.0,0.410833333
1138,3/9/2015,Q2,B,Monday,4,0.75,3.94,,0,960,0.0,0,0,8.0,0.7953875
1114,3/8/2015,Q2,A,Sunday,1,0.75,26.82,1254.0,6960,65,0.0,0,0,58.0,0.85007069
443,1/26/2015,Q4,A,Monday,4,0.8,22.52,1016.0,10170,60,0.0,0,0,56.5,0.850312684
7,1/1/2015,Q1,A,Thursday,3,0.75,28.08,795.0,6900,45,0.0,0,0,57.5,0.753683478
836,2/18/2015,Q3,B,Wednesday,7,0.7,5.13,,960,0,0.0,0,0,8.0,0.671875
961,2/26/2015,Q4,A,Thursday,1,0.35,26.66,1164.0,6600,23,0.0,0,2,55.0,0.378895152
335,1/19/2015,Q3,B,Monday,11,0.7,4.15,,1440,0,0.0,0,0,8.0,0.409545455
208,1/12/2015,Q2,B,Monday,8,0.8,2.9,,1440,0,0.0,0,0,8.0,0.725
1005,3/2/2015,Q1,B,Monday,2,0.7,3.9,,1200,0,0.0,0,0,10.0,0.92885
431,1/25/2015,Q4,A,Sunday,5,0.7,20.4,1217.0,10440,50,0.0,0,0,58.0,0.700250784
405,1/24/2015,Q4,A,Saturday,3,0.75,22.52,1266.0,10260,69,0.0,0,0,57.0,0.80035194
886,2/23/2015,Q4,B,Monday,12,0.8,5.13,,1080,0,0.0,0,0,9.0,0.9025
869,2/22/2015,Q4,A,Sunday,4,0.8,30.1,922.0,5820,63,0.0,0,1,59.0,0.80000295
705,2/10/2015,Q2,B,Tuesday,8,0.35,4.15,,960,0,0.0,0,0,8.0,0.703770833
962,2/26/2015,Q4,B,Thursday,8,0.75,4.6,,3360,0,0.0,0,0,8.0,0.376597222
125,1/7/2015,Q1,B,Wednesday,5,0.7,4.15,,1440,0,0.0,0,0,8.0,0.330113636
1044,3/3/2015,Q1,B,Tuesday,5,0.7,4.6,,3360,0,0.0,0,0,8.0,0.354444444
902,2/23/2015,Q4,B,Monday,7,0.7,5.13,,960,0,0.0,0,0,8.0,0.356458333
390,1/22/2015,Q4,B,Thursday,3,0.7,3.94,,12000,0,0.0,0,0,20.0,0.460578704
33,1/3/2015,Q1,B,Saturday,2,0.8,4.15,,960,0,0.0,0,0,8.0,0.782447917
646,2/7/2015,Q1,B,Saturday,9,0.8,3.94,,960,0,0.0,0,0,8.0,0.771583333
1162,3/10/2015,Q2,A,Tuesday,10,0.75,21.82,1499.0,6000,34,0.0,0,0,50.0,0.750608
272,1/15/2015,Q3,A,Thursday,3,0.5,22.52,1102.0,10170,30,0.0,0,0,56.5,0.660683293
329,1/19/2015,Q3,A,Monday,11,0.7,14.89,1484.0,10260,50,0.0,0,0,57.0,0.700170388
488,1/28/2015,Q4,A,Wednesday,9,0.7,29.12,1340.0,6960,63,0.0,0,0,58.0,0.750593103
1036,3/3/2015,Q1,B,Tuesday,8,0.75,4.6,,3360,0,0.0,0,0,8.0,0.702777778
433,1/25/2015,Q4,B,Sunday,12,0.7,4.08,,1620,0,0.0,0,0,9.0,0.618181818
387,1/22/2015,Q4,A,Thursday,7,0.6,22.52,1859.0,10260,23,0.0,0,0,57.0,0.60041361
703,2/10/2015,Q2,A,Tuesday,11,0.8,10.05,13.0,3240,34,0.0,0,0,54.0,0.750648148
1086,3/5/2015,Q1,A,Thursday,6,0.35,22.53,1450.0,2640,0,0.0,0,1,39.0,0.26369382
1160,3/10/2015,Q2,A,Tuesday,11,0.8,11.41,338.0,3420,50,0.0,0,0,58.0,0.800034503
818,2/17/2015,Q3,A,Tuesday,8,0.6,29.4,179.0,0,23,5.0,30,2,58.0,0.600982906
105,1/7/2015,Q1,B,Wednesday,9,0.8,3.94,,1440,0,0.0,0,0,8.0,0.880530303
1039,3/3/2015,Q1,B,Tuesday,12,0.8,4.6,,3780,0,0.0,0,0,9.0,0.636049383
596,2/3/2015,Q1,B,Tuesday,4,0.8,4.3,,1440,0,0.0,0,0,12.0,0.5375
445,1/26/2015,Q4,A,Monday,3,0.75,22.52,1584.0,10260,69,0.0,0,0,57.0,0.80035194
816,2/17/2015,Q3,A,Tuesday,5,0.8,30.1,680.0,7140,0,0.0,0,0,59.0,0.653431373
63,1/5/2015,Q1,B,Monday,4,0.8,3.94,,3840,0,0.0,0,0,16.0,0.893663194
67,1/5/2015,Q1,B,Monday,2,0.8,3.94,,960,0,0.0,0,0,8.0,0.804416667
533,1/31/2015,Q5,A,Saturday,4,0.8,22.52,1432.0,6660,88,0.0,0,0,57.5,0.900537069
415,1/24/2015,Q4,B,Saturday,9,0.6,3.94,,1440,0,0.0,0,0,8.0,0.261174242
1030,3/3/2015,Q1,A,Tuesday,3,0.8,29.4,1156.0,6840,50,0.0,0,0,57.0,0.800333333
1003,3/1/2015,Q1,B,Sunday,9,0.75,2.9,,960,0,0.0,0,0,8.0,0.447083333
482,1/28/2015,Q4,A,Wednesday,10,0.8,22.52,1175.0,6720,60,0.0,0,0,56.0,0.850532143
305,1/18/2015,Q3,A,Sunday,9,0.8,26.16,1381.0,3660,50,0.0,0,0,59.0,0.800015009
293,1/17/2015,Q3,A,Saturday,10,0.65,22.52,1163.0,9720,35,0.0,0,0,54.0,0.650198653
225,1/13/2015,Q2,B,Tuesday,5,0.65,4.15,,1440,0,0.0,0,0,8.0,0.821354167
251,1/14/2015,Q2,A,Wednesday,5,0.7,20.79,965.0,7320,0,0.0,0,0,58.0,0.700095563
894,2/23/2015,Q4,A,Monday,2,0.7,30.33,577.0,2160,30,0.0,0,1,58.0,0.700623
785,2/16/2015,Q3,A,Monday,1,0.8,22.52,1422.0,6840,113,0.0,0,0,57.0,1.000230409
102,1/6/2015,Q1,A,Tuesday,5,0.65,21.98,808.0,10440,35,0.0,0,0,58.0,0.649983281
434,1/25/2015,Q4,A,Sunday,11,0.75,42.97,532.0,10260,40,0.0,0,0,57.0,0.59114168
685,2/9/2015,Q2,B,Monday,8,0.35,4.15,,1800,0,0.0,0,0,15.0,0.707111111
597,2/3/2015,Q1,B,Tuesday,6,0.7,2.9,,960,0,0.0,0,0,8.0,0.495416667
632,2/5/2015,Q1,A,Thursday,5,0.7,30.1,557.0,6960,0,0.0,0,0,58.0,0.562212644
779,2/15/2015,Q3,B,Sunday,6,0.8,2.9,,960,0,0.0,0,0,8.0,0.604166667
1140,3/9/2015,Q2,A,Monday,9,0.75,18.79,1193.0,6240,45,0.0,0,0,52.0,0.750395513
206,1/12/2015,Q2,A,Monday,12,0.8,11.61,760.0,4470,50,0.0,0,0,31.5,0.80007657
1095,3/7/2015,Q1,B,Saturday,6,0.5,2.9,,960,0,0.0,0,0,8.0,0.7975
692,2/10/2015,Q2,B,Tuesday,12,0.8,4.08,,1080,0,0.0,0,0,9.0,1.004888889
842,2/18/2015,Q3,B,Wednesday,3,0.5,5.13,,960,0,0.0,0,0,8.0,0.2565
111,1/7/2015,Q1,B,Wednesday,2,0.8,3.94,,1440,0,0.0,0,0,8.0,0.813371212
1035,3/3/2015,Q1,A,Tuesday,6,0.75,20.2,402.0,3120,45,0.0,0,0,33.0,0.750212553
643,2/7/2015,Q1,B,Saturday,6,0.75,2.9,,960,0,0.0,0,0,8.0,0.845833333
250,1/14/2015,Q2,A,Wednesday,1,0.8,26.16,1092.0,10620,63,0.0,0,0,59.0,0.800117103
923,2/25/2015,Q4,B,Wednesday,5,0.8,4.6,,1080,0,0.0,0,0,9.0,0.902962963
852,2/19/2015,Q3,B,Thursday,2,0.8,5.13,,3600,0,0.0,0,0,15.0,0.710125
381,1/22/2015,Q4,A,Thursday,11,0.7,14.89,1863.0,10260,50,0.0,0,0,57.0,0.700170388
804,2/17/2015,Q3,B,Tuesday,10,0.8,3.94,,960,0,0.0,0,0,8.0,0.927541667
480,1/28/2015,Q4,B,Wednesday,1,0.75,3.94,,1200,0,0.0,0,0,10.0,0.9456
709,2/10/2015,Q2,A,Tuesday,7,0.5,30.1,1025.0,6960,23,0.0,0,1,58.0,0.500801724
398,1/24/2015,Q4,B,Saturday,11,0.75,4.15,,1800,0,0.0,0,0,10.0,0.896022727
378,1/22/2015,Q4,A,Thursday,3,0.7,22.52,1244.0,10260,63,0.0,0,0,57.0,0.750068049
500,1/29/2015,Q5,A,Thursday,3,0.8,22.52,1287.0,6840,100,0.0,0,0,57.0,0.950185965
117,1/7/2015,Q1,A,Wednesday,3,0.8,19.87,924.0,9900,50,0.0,0,0,55.0,0.800273829
437,1/26/2015,Q4,B,Monday,3,0.75,3.94,,1800,0,0.0,0,0,10.0,1.059621212
161,1/10/2015,Q2,A,Saturday,6,0.8,11.41,887.0,5490,50,0.0,0,0,30.5,0.800343766
141,1/8/2015,Q2,B,Thursday,10,0.75,3.94,,1440,0,0.0,0,0,8.0,0.779791667
153,1/10/2015,Q2,A,Saturday,7,0.8,25.9,970.0,10170,60,0.0,0,0,56.5,0.850136766
592,2/3/2015,Q1,A,Tuesday,11,0.7,25.31,946.0,5760,60,0.0,0,0,54.0,0.700513566
135,1/8/2015,Q2,B,Thursday,5,0.7,4.15,,3840,0,0.0,0,0,8.0,0.821354167
866,2/22/2015,Q4,B,Sunday,2,0.8,5.13,,4800,0,0.0,0,0,20.0,0.8300625
581,2/3/2015,Q1,A,Tuesday,1,0.8,22.52,1500.0,6900,113,0.0,0,0,57.5,1.000018551
513,1/29/2015,Q5,B,Thursday,12,0.75,4.08,,1080,0,0.0,0,0,9.0,0.634666667
856,2/19/2015,Q3,B,Thursday,4,0.75,5.13,,1920,0,0.0,0,0,8.0,0.684027778
576,2/2/2015,Q1,A,Monday,5,0.5,30.1,839.0,6960,0,0.0,0,0,58.0,0.500801724
1058,3/4/2015,Q1,A,Wednesday,1,0.7,26.82,1772.0,6960,50,0.0,0,0,58.0,0.750651724
753,2/14/2015,Q2,A,Saturday,12,0.8,15.26,942.0,4080,63,0.0,0,0,34.0,0.800401961
963,2/26/2015,Q4,B,Thursday,6,0.75,2.9,,3360,0,0.0,0,0,8.0,0.271875
984,2/28/2015,Q4,B,Saturday,6,0.75,2.9,,3360,0,0.0,0,0,8.0,0.271875
589,2/3/2015,Q1,A,Tuesday,12,0.8,15.26,1029.0,2040,50,0.0,0,0,35.0,0.800259023
50,1/4/2015,Q1,A,Sunday,2,0.8,28.08,782.0,6660,50,0.0,0,0,55.5,0.800237838
0,1/1/2015,Q1,A,Thursday,8,0.8,26.16,1108.0,7080,98,0.0,0,0,59.0,0.940725424
72,1/5/2015,Q1,A,Monday,6,0.8,11.61,712.0,7200,50,0.0,0,0,32.0,0.800246011
456,1/27/2015,Q4,A,Tuesday,2,0.75,22.52,1635.0,6840,119,0.0,0,0,57.0,1.000230409
56,1/4/2015,Q1,A,Sunday,10,0.7,28.08,1202.0,6900,40,0.0,0,0,57.5,0.699965217
344,1/20/2015,Q3,A,Tuesday,2,0.7,22.94,1363.0,10260,50,0.0,0,0,57.0,0.750031898
144,1/8/2015,Q2,B,Thursday,7,0.8,2.9,,1440,0,0.0,0,0,8.0,0.681060606
535,1/31/2015,Q5,A,Saturday,1,0.75,22.94,1502.0,6960,81,0.0,0,0,58.0,0.850362069
312,1/18/2015,Q3,A,Sunday,2,0.65,22.94,1025.0,10170,26,0.0,0,0,56.5,0.650243497
201,1/12/2015,Q2,A,Monday,8,0.8,25.9,1233.0,10170,60,0.0,0,0,56.5,0.850136766
710,2/10/2015,Q2,A,Tuesday,8,0.5,30.1,1061.0,6960,30,0.0,0,1,58.0,0.393548851
800,2/16/2015,Q3,A,Monday,10,0.6,18.22,1131.0,5280,0,0.0,0,1,44.0,0.35542803
484,1/28/2015,Q4,B,Wednesday,10,0.8,3.94,,1200,0,0.0,0,0,10.0,0.840533333
733,2/12/2015,Q2,B,Thursday,12,0.8,4.08,,1080,0,0.0,0,0,9.0,0.838666667
944,2/26/2015,Q4,B,Thursday,5,0.8,4.6,,7560,0,0.0,0,0,18.0,0.921604938
258,1/14/2015,Q2,B,Wednesday,2,0.8,3.94,,1260,0,0.0,0,0,8.0,0.247316017
357,1/21/2015,Q3,A,Wednesday,8,0.8,25.9,562.0,7470,38,0.0,0,0,56.5,0.800436542
132,1/8/2015,Q2,A,Thursday,7,0.8,25.9,1050.0,10170,60,0.0,0,0,56.5,0.850136766
291,1/17/2015,Q3,B,Saturday,8,0.8,2.9,,1440,0,0.0,0,0,8.0,0.675568182
59,1/4/2015,Q1,A,Sunday,5,0.7,45.67,884.0,6960,26,0.0,0,0,58.0,0.603432184
1055,3/4/2015,Q1,A,Wednesday,3,0.8,29.4,1169.0,6840,63,0.0,0,0,57.0,0.800333333
586,2/3/2015,Q1,A,Tuesday,2,0.8,22.52,1452.0,6960,100,0.0,0,0,58.0,0.949981609
790,2/16/2015,Q3,A,Monday,5,0.8,30.1,461.0,0,0,0.0,0,0,59.0,0.800980392
12,1/1/2015,Q1,A,Thursday,5,0.8,11.41,668.0,3660,50,0.0,0,0,30.5,0.707045902
495,1/28/2015,Q4,B,Wednesday,7,0.6,3.94,,960,0,0.0,0,0,8.0,0.406354167
110,1/7/2015,Q1,B,Wednesday,4,0.8,3.94,,4440,0,0.0,0,0,18.0,0.827186544
384,1/22/2015,Q4,B,Thursday,2,0.7,3.94,,15000,0,0.0,0,0,25.0,0.649662222
1014,3/2/2015,Q1,B,Monday,8,0.75,4.6,,3360,0,0.0,0,0,8.0,0.773333333
645,2/7/2015,Q1,A,Saturday,9,0.8,29.12,829.0,6960,50,0.0,0,0,58.0,0.799963218
876,2/22/2015,Q4,A,Sunday,11,0.75,11.41,834.0,3480,0,0.0,0,2,58.0,0.672140805
460,1/27/2015,Q4,B,Tuesday,5,0.5,4.15,,1440,0,0.0,0,0,12.0,0.926388889
805,2/17/2015,Q3,B,Tuesday,7,0.7,5.13,,1200,0,0.0,0,0,10.0,0.91375
210,1/12/2015,Q2,A,Monday,5,0.65,20.79,1141.0,8460,0,0.0,0,0,59.0,0.650040783
826,2/18/2015,Q3,A,Wednesday,11,0.7,11.41,685.0,3360,30,0.0,0,2,56.0,0.8211125
1021,3/2/2015,Q1,B,Monday,10,0.7,2.9,,3360,0,0.0,0,0,8.0,0.632361111
649,2/7/2015,Q1,B,Saturday,7,0.7,3.94,,1200,0,0.0,0,0,10.0,0.715766667
764,2/14/2015,Q2,B,Saturday,6,0.8,2.9,,960,0,0.0,0,0,8.0,0.483333333
447,1/26/2015,Q4,A,Monday,1,0.7,22.94,1745.0,10440,60,0.0,0,0,58.0,0.800023511
64,1/5/2015,Q1,B,Monday,3,0.75,4.15,,1920,0,0.0,0,0,8.0,0.875390625
1034,3/3/2015,Q1,A,Tuesday,9,0.75,18.79,1096.0,6240,34,0.0,0,0,52.0,0.750395513
471,1/27/2015,Q4,A,Tuesday,12,0.7,15.26,1462.0,4080,40,0.0,0,0,34.0,0.700164706
797,2/16/2015,Q3,B,Monday,5,0.75,4.15,,1200,0,0.0,0,0,10.0,0.629416667
542,2/1/2015,Q1,B,Sunday,8,0.65,4.15,,960,0,0.0,0,0,8.0,1.0115625
241,1/14/2015,Q2,B,Wednesday,1,0.8,3.94,,1440,0,0.0,0,0,8.0,0.891723485
1079,3/5/2015,Q1,A,Thursday,9,0.75,18.79,1228.0,6240,45,0.0,0,0,52.0,0.750395513
1100,3/7/2015,Q1,B,Saturday,11,0.8,2.9,,960,0,0.0,0,0,8.0,0.657083333
255,1/14/2015,Q2,A,Wednesday,11,0.35,14.61,838.0,7200,23,0.0,0,0,55.0,0.35003125
1099,3/7/2015,Q1,B,Saturday,4,0.7,3.94,,960,0,0.0,0,0,8.0,0.664875
1047,3/4/2015,Q1,B,Wednesday,3,0.8,4.6,,1200,0,0.0,0,0,10.0,0.939166667
388,1/22/2015,Q4,A,Thursday,8,0.8,40.99,980.0,10770,30,0.0,0,0,56.5,0.555500132
200,1/12/2015,Q2,A,Monday,7,0.8,25.9,1031.0,10170,60,0.0,0,0,56.5,0.850136766
993,3/1/2015,Q1,A,Sunday,10,0.7,21.82,1393.0,5640,30,0.0,0,0,52.0,0.700236601
548,2/1/2015,Q1,B,Sunday,7,0.7,3.94,,2160,0,0.0,0,0,18.0,0.892194444
1104,3/7/2015,Q1,A,Saturday,6,0.5,23.41,1379.0,2280,0,0.0,0,1,39.0,0.500528095
539,1/31/2015,Q5,A,Saturday,6,0.6,18.79,799.0,3960,23,0.0,0,0,33.0,0.600710606
294,1/17/2015,Q3,A,Saturday,3,0.6,22.52,1140.0,10170,30,0.0,0,0,56.5,0.600291767
315,1/18/2015,Q3,B,Sunday,9,0.8,3.94,,1800,0,0.0,0,0,10.0,0.582045455
89,1/6/2015,Q1,A,Tuesday,9,0.8,26.16,1305.0,10620,75,0.0,0,0,59.0,0.850502311
347,1/20/2015,Q3,A,Tuesday,5,0.7,20.4,1352.0,10260,50,0.0,0,0,57.0,0.700063796
121,1/7/2015,Q1,A,Wednesday,5,0.7,21.98,413.0,9720,40,0.0,0,0,58.0,0.700480831
969,2/28/2015,Q4,B,Saturday,1,0.5,3.94,,3360,0,0.0,0,0,8.0,0.768847222
885,2/23/2015,Q4,B,Monday,8,0.7,5.13,,960,0,0.0,0,0,8.0,0.930416667
407,1/24/2015,Q4,A,Saturday,11,0.75,42.97,1282.0,10260,56,0.0,0,0,57.0,0.750041201
793,2/16/2015,Q3,A,Monday,6,0.75,18.79,895.0,3960,0,0.0,0,0,33.0,0.75065101
554,2/1/2015,Q1,A,Sunday,12,0.75,15.26,1276.0,1440,45,0.0,0,0,35.0,0.750450658
11,1/1/2015,Q1,A,Thursday,10,0.75,19.31,578.0,6480,45,0.0,0,0,54.0,0.712205247
824,2/18/2015,Q3,B,Wednesday,6,0.8,2.9,,1440,0,0.0,0,0,12.0,0.936861111
266,1/15/2015,Q3,A,Thursday,7,0.8,25.9,1281.0,10170,60,0.0,0,0,56.5,0.850136766
372,1/22/2015,Q4,B,Thursday,10,0.75,3.94,,8400,0,0.0,0,0,14.0,0.940701058
512,1/29/2015,Q5,A,Thursday,12,0.75,15.26,1436.0,4200,45,0.0,0,0,35.0,0.750646667
994,3/1/2015,Q1,A,Sunday,1,0.6,26.66,1578.0,6840,38,0.0,0,0,57.0,0.700019883
142,1/8/2015,Q2,B,Thursday,8,0.8,2.9,,1440,0,0.0,0,0,8.0,0.735984848
118,1/7/2015,Q1,A,Wednesday,12,0.8,11.61,1120.0,5670,50,0.0,0,0,31.5,0.800246753
304,1/18/2015,Q3,A,Sunday,8,0.8,25.9,1288.0,10170,38,0.0,0,0,56.5,0.800128721
858,2/19/2015,Q3,A,Thursday,9,0.7,18.79,1603.0,6120,30,0.0,0,1,51.0,0.638614379
747,2/12/2015,Q2,A,Thursday,10,0.8,22.52,10.0,6000,0,0.0,0,0,50.0,0.441392
401,1/24/2015,Q4,B,Saturday,12,0.7,4.08,,1620,0,0.0,0,0,9.0,0.858585859
907,2/24/2015,Q4,A,Tuesday,4,0.8,30.1,901.0,6480,50,0.0,0,1,59.0,0.800071839
868,2/22/2015,Q4,A,Sunday,12,0.8,15.26,1103.0,4080,63,0.0,0,0,34.0,0.800401961
954,2/26/2015,Q4,A,Thursday,2,0.7,30.33,398.0,6960,0,0.0,0,1,58.0,0.66237931
231,1/13/2015,Q2,B,Tuesday,8,0.8,2.9,,1440,0,0.0,0,0,8.0,0.681060606
202,1/12/2015,Q2,B,Monday,6,0.8,2.9,,1440,0,0.0,0,0,8.0,0.817424242
820,2/17/2015,Q3,B,Tuesday,2,0.8,5.13,,1800,0,0.0,0,0,15.0,0.5814
845,2/19/2015,Q3,A,Thursday,12,0.8,15.26,1126.0,1080,38,0.0,0,0,34.0,0.800711494
673,2/8/2015,Q2,A,Sunday,8,0.7,24.26,154.0,6840,0,0.0,0,0,57.0,0.353259649
172,1/11/2015,Q2,A,Sunday,9,0.8,26.16,1095.0,10620,88,0.0,0,0,59.0,0.900215716
555,2/1/2015,Q1,B,Sunday,12,0.75,4.08,,1080,0,0.0,0,0,9.0,0.702666667
587,2/3/2015,Q1,B,Tuesday,9,0.75,3.94,,1320,0,0.0,0,0,11.0,0.919954545
233,1/13/2015,Q2,B,Tuesday,11,0.8,4.15,,1440,0,0.0,0,0,8.0,0.601278409
116,1/7/2015,Q1,A,Wednesday,6,0.8,11.41,986.0,5490,50,0.0,0,0,30.5,0.800343766
1015,3/2/2015,Q1,A,Monday,6,0.75,18.79,947.0,2880,34,0.0,0,0,33.0,0.750797009
916,2/24/2015,Q4,A,Tuesday,8,0.7,29.4,1079.0,4560,40,0.0,0,2,58.0,0.700518519
5,1/1/2015,Q1,A,Thursday,7,0.8,25.9,984.0,6720,38,0.0,0,0,56.0,0.800125
1186,3/11/2015,Q2,A,Wednesday,1,0.75,26.82,1322.0,7080,45,0.0,0,0,59.0,0.750050847
196,1/12/2015,Q2,B,Monday,2,0.8,3.94,,1440,0,0.0,0,0,8.0,0.880530303
814,2/17/2015,Q3,A,Tuesday,3,0.7,30.1,1422.0,6960,50,0.0,0,1,58.0,0.700603448
1046,3/3/2015,Q1,A,Tuesday,2,0.4,15.28,157.0,5400,0,6.5,30,1,45.0,0.30277037
940,2/25/2015,Q4,B,Wednesday,2,0.7,3.9,,960,0,0.0,0,0,8.0,0.440375
921,2/24/2015,Q4,A,Tuesday,1,0.6,22.53,708.0,5040,0,0.0,0,1,42.0,0.268214286
213,1/12/2015,Q2,B,Monday,11,0.8,4.15,,1440,0,0.0,0,0,8.0,0.640577652
1130,3/9/2015,Q2,B,Monday,5,0.6,3.94,,0,2880,0.0,0,0,12.0,0.864342593
94,1/6/2015,Q1,A,Tuesday,3,0.8,19.87,963.0,9900,50,0.0,0,0,55.0,0.800273829
1082,3/5/2015,Q1,A,Thursday,10,0.7,21.82,1390.0,6000,30,0.0,0,0,50.0,0.700422
749,2/14/2015,Q2,A,Saturday,1,0.8,22.52,1416.0,6840,113,0.0,0,0,57.0,1.000230409
355,1/21/2015,Q3,A,Wednesday,6,0.8,11.61,916.0,5760,75,0.0,0,0,89.0,0.850410511
862,2/19/2015,Q3,A,Thursday,2,0.65,30.33,841.0,6840,0,0.0,0,1,57.0,0.585315789
342,1/20/2015,Q3,A,Tuesday,10,0.7,22.52,1108.0,10080,63,0.0,0,0,56.0,0.750057359
843,2/18/2015,Q3,A,Wednesday,8,0.65,29.4,962.0,4560,0,4.5,30,2,57.0,0.251399254
449,1/26/2015,Q4,B,Monday,12,0.7,4.08,,1620,0,0.0,0,0,9.0,0.769292929
979,2/28/2015,Q4,A,Saturday,1,0.5,26.66,1448.0,6840,30,0.0,0,2,57.0,0.550349708
166,1/10/2015,Q2,B,Saturday,7,0.8,2.9,,1440,0,0.0,0,0,8.0,0.670075758
1109,3/8/2015,Q2,B,Sunday,1,0.75,3.94,,960,0,0.0,0,0,8.0,0.890604167
784,2/15/2015,Q3,A,Sunday,9,0.5,18.79,1688.0,5280,0,0.0,0,1,54.0,0.283054487
414,1/24/2015,Q4,A,Saturday,8,0.35,15.09,1448.0,9360,23,0.0,0,0,52.0,0.34998951
1052,3/4/2015,Q1,B,Wednesday,4,0.7,3.94,,960,0,0.0,0,0,8.0,0.806058333
652,2/7/2015,Q1,A,Saturday,5,0.7,30.1,687.0,7500,0,0.0,0,0,59.0,0.545657673
1144,3/9/2015,Q2,A,Monday,6,0.65,23.41,1262.0,4560,35,0.0,0,1,38.0,0.650962281
1183,3/11/2015,Q2,A,Wednesday,10,0.75,21.82,1674.0,6000,34,0.0,0,0,50.0,0.750608
1122,3/8/2015,Q2,A,Sunday,6,0.6,23.41,1266.0,2520,23,0.0,0,1,38.0,0.601037091
273,1/15/2015,Q3,A,Thursday,4,0.65,22.52,872.0,10080,26,0.0,0,0,56.0,0.650130952
1171,3/10/2015,Q2,B,Tuesday,7,0.5,3.9,,960,0,0.0,0,0,8.0,0.560625
436,1/25/2015,Q4,B,Sunday,8,0.8,2.9,,720,0,0.0,0,0,4.0,0.329545455
672,2/8/2015,Q2,A,Sunday,7,0.7,24.26,148.0,6960,0,0.0,0,0,58.0,0.355534483
913,2/24/2015,Q4,B,Tuesday,6,0.75,2.9,,1800,0,0.0,0,0,15.0,0.726933333
1010,3/2/2015,Q1,B,Monday,9,0.75,2.9,,1200,0,0.0,0,0,10.0,0.8004
27,1/3/2015,Q1,A,Saturday,12,0.8,26.16,844.0,7080,63,0.0,0,0,59.0,0.800318644
421,1/25/2015,Q4,B,Sunday,4,0.75,4.3,,2160,0,0.0,0,0,12.0,0.952020202
289,1/17/2015,Q3,A,Saturday,2,0.6,22.94,865.0,6570,23,0.0,0,0,56.5,0.77011398
879,2/22/2015,Q4,A,Sunday,10,0.7,21.25,1531.0,6000,0,0.0,0,1,50.0,0.456875
1182,3/11/2015,Q2,B,Wednesday,5,0.7,3.94,,1440,0,0.0,0,0,12.0,0.75885
718,2/11/2015,Q2,A,Wednesday,10,0.8,22.52,598.0,0,75,0.0,0,0,56.0,0.850364583
828,2/18/2015,Q3,A,Wednesday,5,0.8,30.1,511.0,0,0,0.0,0,0,59.0,0.800980392
31,1/3/2015,Q1,A,Saturday,7,0.8,25.9,1138.0,6720,38,0.0,0,0,56.0,0.800125
167,1/10/2015,Q2,B,Saturday,8,0.8,2.9,,1440,0,0.0,0,0,8.0,0.628882576
992,3/1/2015,Q1,A,Sunday,5,0.6,27.48,549.0,6720,38,0.0,0,0,56.0,0.707446429
281,1/17/2015,Q3,B,Saturday,1,0.8,3.94,,1440,0,0.0,0,0,8.0,0.884261364
229,1/13/2015,Q2,A,Tuesday,2,0.8,28.08,723.0,10530,50,0.0,0,0,58.5,0.8
698,2/10/2015,Q2,B,Tuesday,1,0.8,3.94,,1440,0,0.0,0,0,12.0,0.853666667
536,1/31/2015,Q5,A,Saturday,12,0.75,15.26,1209.0,4200,45,0.0,0,0,35.0,0.750646667
54,1/4/2015,Q1,A,Sunday,11,0.75,19.31,513.0,6480,45,0.0,0,0,54.0,0.750348457
975,2/28/2015,Q4,A,Saturday,2,0.7,30.33,512.0,4560,0,0.0,0,1,58.0,0.700211111
1172,3/10/2015,Q2,B,Tuesday,10,0.7,2.9,,960,0,0.0,0,0,8.0,0.39875
1105,3/7/2015,Q1,A,Saturday,5,0.7,27.48,541.0,6960,24,0.0,0,1,58.0,0.408960345
290,1/17/2015,Q3,A,Saturday,4,0.7,22.52,825.0,10170,50,0.0,0,0,56.5,0.7005417
162,1/10/2015,Q2,A,Saturday,1,0.8,26.16,1335.0,10620,63,0.0,0,0,59.0,0.800117103
432,1/25/2015,Q4,A,Sunday,9,0.65,29.12,1086.0,10440,26,0.0,0,0,58.0,0.650407524
1136,3/9/2015,Q2,A,Monday,11,0.8,11.41,357.0,3420,50,0.0,0,0,58.0,0.800034503
935,2/25/2015,Q4,A,Wednesday,10,0.7,21.82,1653.0,6240,0,0.0,0,2,52.0,0.700058333
296,1/17/2015,Q3,B,Saturday,6,0.8,2.9,,900,0,0.0,0,0,5.0,0.465757576
107,1/7/2015,Q1,A,Wednesday,9,0.8,26.16,1324.0,10620,75,0.0,0,0,59.0,0.850502311
930,2/25/2015,Q4,A,Wednesday,6,0.75,18.79,1003.0,3960,45,0.0,0,1,33.0,0.75065101
38,1/3/2015,Q1,B,Saturday,8,0.8,2.9,,960,0,0.0,0,0,8.0,0.628333333
79,1/5/2015,Q1,A,Monday,3,0.75,19.87,944.0,6600,45,0.0,0,0,55.0,0.75024303
647,2/7/2015,Q1,A,Saturday,6,0.75,18.79,813.0,1560,34,0.0,0,0,33.0,0.750520115
995,3/1/2015,Q1,A,Sunday,2,0.7,30.33,254.0,1800,0,0.0,0,0,58.0,0.683550607
564,2/2/2015,Q1,A,Monday,3,0.8,22.52,21266.0,6840,70,0.0,0,0,57.0,0.90014152
204,1/12/2015,Q2,A,Monday,3,0.8,19.87,941.0,9900,0,0.0,0,0,55.0,0.800273829
767,2/15/2015,Q3,B,Sunday,2,0.8,3.94,,960,0,0.0,0,0,8.0,1.108125
109,1/7/2015,Q1,B,Wednesday,3,0.75,4.15,,2700,0,0.0,0,0,15.0,0.83
395,1/24/2015,Q4,B,Saturday,8,0.8,2.9,,1620,0,0.0,0,0,9.0,0.910521886
874,2/22/2015,Q4,A,Sunday,8,0.7,29.4,1146.0,6840,40,0.0,0,2,57.0,0.700614035
748,2/12/2015,Q2,A,Thursday,3,0.35,30.1,770.0,6960,0,0.0,0,1,58.0,0.350301724
1027,3/3/2015,Q1,A,Tuesday,11,0.8,11.41,601.0,0,50,0.0,0,0,56.0,0.800701754
602,2/4/2015,Q1,B,Wednesday,2,0.8,3.94,,2160,0,0.0,0,0,18.0,0.966759259
505,1/29/2015,Q5,B,Thursday,11,0.6,2.9,,960,0,0.0,0,0,8.0,0.864583333
1075,3/5/2015,Q1,A,Thursday,11,0.8,11.41,455.0,3420,50,0.0,0,0,56.0,0.800701754
425,1/25/2015,Q4,A,Sunday,3,0.75,22.52,1495.0,10350,55,0.0,0,0,57.5,0.800513307
254,1/14/2015,Q2,A,Wednesday,10,0.5,22.4,947.0,3390,23,0.0,0,0,56.5,0.499980334
838,2/18/2015,Q3,B,Wednesday,8,0.7,5.13,,960,0,0.0,0,0,8.0,0.58
75,1/5/2015,Q1,A,Monday,4,0.8,28.08,759.0,6900,50,0.0,0,0,57.5,0.800076522
232,1/13/2015,Q2,B,Tuesday,7,0.8,2.9,,1440,0,0.0,0,0,8.0,0.670075758
796,2/16/2015,Q3,A,Monday,7,0.7,30.1,784.0,600,30,0.0,0,1,59.0,0.700459889
359,1/21/2015,Q3,A,Wednesday,10,0.7,22.52,1206.0,10080,75,0.0,0,0,56.0,0.800020563
611,2/4/2015,Q1,A,Wednesday,7,0.7,24.26,1471.0,6960,0,0.0,0,0,58.0,0.700612069
178,1/11/2015,Q2,B,Sunday,10,0.8,3.94,,1440,0,0.0,0,0,8.0,0.828295455
723,2/11/2015,Q2,A,Wednesday,8,0.6,30.1,1069.0,4560,30,0.0,0,1,58.0,0.714410494
702,2/10/2015,Q2,A,Tuesday,6,0.75,18.79,640.0,2400,0,0.0,0,0,34.0,0.750797009
341,1/20/2015,Q3,A,Tuesday,4,0.7,22.52,983.0,10260,63,0.0,0,0,57.0,0.750068049
1158,3/10/2015,Q2,A,Tuesday,12,0.8,15.26,1069.0,4080,63,0.0,0,0,34.0,0.800401961
155,1/10/2015,Q2,B,Saturday,10,0.8,3.94,,1440,0,0.0,0,0,8.0,0.846950758
631,2/5/2015,Q1,A,Thursday,6,0.7,18.79,766.0,2760,30,0.0,0,0,33.0,0.700079032
216,1/13/2015,Q2,B,Tuesday,4,0.35,4.3,,2160,0,0.0,0,0,12.0,0.952020202
427,1/25/2015,Q4,A,Sunday,10,0.75,22.52,1413.0,10080,69,0.0,0,0,56.0,0.800020563
1067,3/4/2015,Q1,A,Wednesday,6,0.75,18.79,52.0,3960,0,0.0,0,0,33.0,0.332146465
956,2/26/2015,Q4,B,Thursday,2,0.7,3.9,,960,0,0.0,0,0,8.0,0.5565625
977,2/28/2015,Q4,B,Saturday,2,0.7,3.9,,960,0,0.0,0,0,8.0,0.5565625
1068,3/5/2015,Q1,B,Thursday,8,0.8,4.6,,2640,0,0.0,0,0,22.0,0.980984848
854,2/19/2015,Q3,A,Thursday,11,0.7,11.41,653.0,3480,30,0.0,0,2,58.0,0.700540441
1060,3/4/2015,Q1,A,Wednesday,5,0.7,27.48,586.0,6960,40,0.0,0,0,58.0,0.700424138
769,2/15/2015,Q3,B,Sunday,12,0.8,4.08,,1080,0,0.0,0,0,9.0,0.876444444
837,2/18/2015,Q3,B,Wednesday,10,0.8,3.94,,960,0,0.0,0,0,8.0,0.64025
1031,3/3/2015,Q1,A,Tuesday,7,0.8,30.1,29.0,7080,50,0.0,0,0,59.0,0.800115819
191,1/11/2015,Q2,A,Sunday,4,0.8,50.48,562.0,10440,0,0.0,0,0,58.0,0.473134796
926,2/25/2015,Q4,B,Wednesday,10,0.7,2.9,,1200,0,0.0,0,0,10.0,0.845833333
682,2/9/2015,Q2,A,Monday,9,0.8,29.12,1073.0,6960,50,0.0,0,0,58.0,0.799963218
547,2/1/2015,Q1,B,Sunday,2,0.8,3.94,,1200,0,0.0,0,0,10.0,0.912766667
934,2/25/2015,Q4,A,Wednesday,2,0.7,30.33,361.0,3960,30,0.0,0,1,58.0,0.700069811
419,1/25/2015,Q4,B,Sunday,3,0.75,3.94,,1620,0,0.0,0,0,9.0,0.961784512
486,1/28/2015,Q4,A,Wednesday,4,0.8,22.52,1342.0,6780,50,0.0,0,0,56.5,0.800489676
261,1/15/2015,Q3,B,Thursday,1,0.8,3.94,,1440,0,0.0,0,0,8.0,0.884261364
78,1/5/2015,Q1,A,Monday,10,0.75,28.08,1083.0,7020,45,0.0,0,0,58.5,0.7504
492,1/28/2015,Q4,A,Wednesday,11,0.5,20.1,1413.0,5880,46,0.0,0,0,54.0,0.500567308
625,2/5/2015,Q1,B,Thursday,7,0.7,3.94,,1200,0,0.0,0,0,10.0,0.8471
552,2/1/2015,Q1,B,Sunday,4,0.8,4.3,,1440,0,0.0,0,0,12.0,0.845069444
795,2/16/2015,Q3,B,Monday,4,0.75,4.15,,1800,0,0.0,0,0,15.0,0.722333333
899,2/23/2015,Q4,B,Monday,6,0.8,2.9,,960,0,0.0,0,0,8.0,0.3715625
798,2/16/2015,Q3,A,Monday,8,0.7,30.1,7.0,7080,27,2.0,10,2,59.0,0.621971751
549,2/1/2015,Q1,B,Sunday,10,0.8,3.94,,1200,0,0.0,0,0,10.0,0.8865
131,1/8/2015,Q2,A,Thursday,4,0.8,28.08,942.0,10530,75,0.0,0,0,58.5,0.850181818
326,1/19/2015,Q3,A,Monday,4,0.7,22.52,930.0,10260,63,0.0,0,0,57.0,0.750068049
613,2/4/2015,Q1,A,Wednesday,8,0.7,29.12,1248.0,6840,0,0.0,0,0,57.0,0.700135088
34,1/3/2015,Q1,A,Saturday,2,0.75,19.87,944.0,6600,45,0.0,0,0,55.0,0.75024303
735,2/12/2015,Q2,B,Thursday,8,0.35,4.15,,1440,0,0.0,0,0,12.0,0.755486111
870,2/22/2015,Q4,B,Sunday,12,0.8,5.13,,2400,0,0.0,0,0,10.0,0.78375
945,2/26/2015,Q4,A,Thursday,7,0.8,30.1,694.0,4080,50,0.0,0,1,59.0,0.800808642
606,2/4/2015,Q1,A,Wednesday,12,0.8,15.26,1094.0,4080,38,0.0,0,0,34.0,0.800401961
44,1/4/2015,Q1,B,Sunday,4,0.8,3.94,,6600,0,0.0,0,0,20.0,0.861679012
803,2/17/2015,Q3,A,Tuesday,1,0.8,22.52,1445.0,6840,113,0.0,0,0,57.0,1.000230409
770,2/15/2015,Q3,A,Sunday,12,0.8,15.26,1120.0,1440,50,0.0,0,0,34.0,0.800806306
598,2/3/2015,Q1,A,Tuesday,5,0.6,30.1,415.0,6960,0,0.0,0,0,58.0,0.415172414
1063,3/4/2015,Q1,B,Wednesday,5,0.7,4.6,,960,0,0.0,0,0,8.0,0.592083333
430,1/25/2015,Q4,A,Sunday,12,0.7,15.26,1296.0,6120,40,0.0,0,0,34.0,0.70043672
665,2/8/2015,Q2,A,Sunday,9,0.8,29.12,909.0,6960,50,0.0,0,0,58.0,0.799963218
786,2/16/2015,Q3,B,Monday,9,0.8,3.94,,1200,0,0.0,0,0,10.0,0.960433333
573,2/2/2015,Q1,A,Monday,6,0.7,18.79,2984.0,3960,30,0.0,0,0,33.0,0.700354545
1089,3/7/2015,Q1,A,Saturday,1,0.7,26.82,1267.0,8160,70,0.0,0,0,58.0,0.850045
787,2/16/2015,Q3,B,Monday,12,0.8,4.08,,1080,0,0.0,0,0,9.0,0.891555556
616,2/4/2015,Q1,B,Wednesday,6,0.7,2.9,,960,0,0.0,0,0,8.0,0.531666667
1191,3/11/2015,Q2,A,Wednesday,7,0.65,30.48,935.0,6840,26,0.0,0,1,57.0,0.650596491
379,1/22/2015,Q4,B,Thursday,5,0.7,4.15,,9000,0,0.0,0,0,15.0,0.742901235
1184,3/11/2015,Q2,A,Wednesday,9,0.75,18.79,290.0,5040,45,0.0,0,0,52.0,0.750347333
1061,3/4/2015,Q1,A,Wednesday,10,0.7,21.82,1334.0,5760,30,0.0,0,0,53.0,0.700058333
1103,3/7/2015,Q1,B,Saturday,2,0.65,3.9,,1920,0,0.0,0,0,8.0,0.528125
474,1/27/2015,Q4,B,Tuesday,6,0.8,2.9,,960,0,0.0,0,0,8.0,0.6225
159,1/10/2015,Q2,A,Saturday,2,0.8,28.08,749.0,10350,63,0.0,0,0,57.5,0.800594466
1125,3/8/2015,Q2,B,Sunday,8,0.6,3.9,,960,0,0.0,0,0,8.0,0.4509375
309,1/18/2015,Q3,A,Sunday,12,0.8,26.87,585.0,5670,56,0.0,0,0,31.5,0.662255892
1048,3/4/2015,Q1,B,Wednesday,8,0.8,4.6,,960,0,0.0,0,0,8.0,0.930416667
170,1/11/2015,Q2,B,Sunday,3,0.75,4.15,,1440,0,0.0,0,0,8.0,0.93532197
896,2/23/2015,Q4,A,Monday,3,0.7,29.4,1228.0,6960,30,0.0,0,2,58.0,0.700362069
774,2/15/2015,Q3,A,Sunday,7,0.7,30.1,881.0,7080,0,0.0,0,1,59.0,0.700632768
964,2/28/2015,Q4,B,Saturday,3,0.8,4.6,,6300,0,0.0,0,0,15.0,0.921703704
441,1/26/2015,Q4,B,Monday,2,0.75,3.94,,1800,0,0.0,0,0,10.0,0.910378788
1150,3/10/2015,Q2,B,Tuesday,12,0.8,4.6,,1080,0,0.0,0,0,9.0,0.92
1078,3/5/2015,Q1,A,Thursday,1,0.7,26.82,1373.0,6960,50,0.0,0,0,58.0,0.750651724
693,2/10/2015,Q2,B,Tuesday,2,0.8,3.94,,2160,0,0.0,0,0,18.0,0.966759259
123,1/7/2015,Q1,B,Wednesday,6,0.8,2.9,,1800,0,0.0,0,0,10.0,0.666515152
223,1/13/2015,Q2,A,Tuesday,8,0.8,25.9,1211.0,10260,60,0.0,0,0,57.0,0.850252525
660,2/8/2015,Q2,B,Sunday,1,0.8,3.94,,1200,0,0.0,0,0,10.0,0.893066667
106,1/7/2015,Q1,A,Wednesday,1,0.8,26.16,1179.0,10620,75,0.0,0,0,59.0,0.850502311
22,1/3/2015,Q1,B,Saturday,3,0.75,3.94,,1560,0,0.0,0,0,8.0,0.945277778
1180,3/11/2015,Q2,A,Wednesday,11,0.8,11.41,560.0,3420,50,0.0,0,0,58.0,0.800034503
288,1/17/2015,Q3,A,Saturday,9,0.8,26.16,1128.0,10620,63,0.0,0,0,59.0,0.800117103
958,2/26/2015,Q4,A,Thursday,5,0.35,27.48,413.0,6840,38,0.0,0,1,57.0,0.449964912
550,2/1/2015,Q1,A,Sunday,10,0.8,22.52,1282.0,6720,75,0.0,0,0,56.0,0.850532143
584,2/3/2015,Q1,B,Tuesday,8,0.7,4.15,,960,0,0.0,0,0,8.0,0.976979167
248,1/14/2015,Q2,A,Wednesday,12,0.8,11.61,1159.0,2970,50,0.0,0,0,31.5,0.800313433
778,2/15/2015,Q3,B,Sunday,8,0.7,4.15,,960,0,0.0,0,0,8.0,0.605208333
247,1/14/2015,Q2,B,Wednesday,3,0.8,4.15,,1440,0,0.0,0,0,7.0,0.820833333
551,2/1/2015,Q1,A,Sunday,4,0.8,22.52,1472.0,7020,60,0.0,0,0,58.5,0.85011396
978,2/28/2015,Q4,A,Saturday,5,0.5,27.48,609.0,6840,30,0.0,0,1,57.0,0.550403509
380,1/22/2015,Q4,A,Thursday,5,0.7,20.4,1480.0,10440,40,0.0,0,0,58.0,0.700250784
792,2/16/2015,Q3,B,Monday,6,0.8,2.9,,960,0,0.0,0,0,8.0,0.773333333
745,2/12/2015,Q2,A,Thursday,9,0.8,29.12,14.0,6960,0,0.0,0,0,58.0,0.497885057
1043,3/3/2015,Q1,B,Tuesday,10,0.7,2.9,,3360,0,0.0,0,0,8.0,0.463194444
765,2/14/2015,Q2,B,Saturday,9,0.8,3.94,,960,0,0.0,0,0,8.0,0.238041667
1145,3/9/2015,Q2,A,Monday,8,0.65,30.48,953.0,6720,26,0.0,0,1,56.0,0.650421429
1013,3/2/2015,Q1,A,Monday,7,0.8,30.1,616.0,7080,0,0.0,0,0,59.0,0.800115819
334,1/19/2015,Q3,B,Monday,10,0.7,3.94,,1440,0,0.0,0,0,8.0,0.538399621
1187,3/11/2015,Q2,A,Wednesday,4,0.75,26.82,1054.0,7080,45,0.0,0,0,59.0,0.750050847
209,1/12/2015,Q2,A,Monday,10,0.8,50.48,381.0,6930,45,0.0,0,0,58.5,0.688557555
333,1/19/2015,Q3,A,Monday,1,0.5,22.94,1492.0,10170,30,0.0,0,0,56.5,0.549969429
246,1/14/2015,Q2,B,Wednesday,7,0.8,2.9,,1440,0,0.0,0,0,8.0,0.837594697
671,2/8/2015,Q2,A,Sunday,4,0.65,30.1,712.0,6780,44,0.0,0,1,56.5,0.568259587
859,2/19/2015,Q3,B,Thursday,5,0.75,5.13,,1920,0,0.0,0,0,8.0,0.631354167
1022,3/2/2015,Q1,B,Monday,12,0.8,4.6,,3780,0,0.0,0,0,9.0,0.607654321
428,1/25/2015,Q4,B,Sunday,7,0.65,3.94,,2520,0,0.0,0,0,14.0,0.749188312
292,1/17/2015,Q3,B,Saturday,7,0.8,2.9,,1440,0,0.0,0,0,8.0,0.661837121
529,1/31/2015,Q5,B,Saturday,8,0.65,3.94,,960,0,0.0,0,0,8.0,0.971866667
365,1/21/2015,Q3,A,Wednesday,12,0.6,15.26,1245.0,6360,23,0.0,0,0,34.0,0.60017284
600,2/4/2015,Q1,A,Wednesday,3,0.8,22.52,968.0,6840,113,0.0,0,0,57.0,1.000230409
754,2/14/2015,Q2,A,Saturday,2,0.8,22.52,674.0,3660,63,0.0,0,0,57.0,0.80037492
158,1/10/2015,Q2,A,Saturday,4,0.8,28.08,660.0,10440,63,0.0,0,0,58.0,0.801028213
568,2/2/2015,Q1,A,Monday,12,0.8,15.26,12261.0,3600,63,0.0,0,0,35.0,0.800401961
95,1/6/2015,Q1,A,Tuesday,12,0.8,11.61,1101.0,5310,50,0.0,0,0,31.5,0.800140969
284,1/17/2015,Q3,A,Saturday,12,0.8,11.61,1039.0,5670,63,0.0,0,0,31.5,0.800246753
605,2/4/2015,Q1,A,Wednesday,1,0.8,22.52,1532.0,6900,88,0.0,0,0,57.5,0.900147246
185,1/11/2015,Q2,B,Sunday,11,0.8,4.15,,1440,0,0.0,0,0,8.0,0.668087121
57,1/4/2015,Q1,B,Sunday,8,0.8,2.9,,960,0,0.0,0,0,8.0,0.682708333
640,2/7/2015,Q1,A,Saturday,10,0.8,22.52,1142.0,6720,88,0.0,0,0,56.0,0.900129762
1081,3/5/2015,Q1,A,Thursday,5,0.7,27.48,230.0,6960,40,0.0,0,0,58.0,0.700424138
694,2/10/2015,Q2,A,Tuesday,10,0.8,22.52,1268.0,0,88,0.0,0,0,56.0,0.90063244
244,1/14/2015,Q2,A,Wednesday,9,0.8,26.16,1232.0,10620,75,0.0,0,0,59.0,0.850502311
1111,3/8/2015,Q2,B,Sunday,2,0.7,3.9,,1200,0,0.0,0,0,10.0,0.884
340,1/20/2015,Q3,A,Tuesday,9,0.8,26.16,399.0,10620,63,0.0,0,0,59.0,0.800117103
987,3/1/2015,Q1,A,Sunday,12,0.8,15.26,1106.0,4080,63,0.0,0,0,34.0,0.800401961
970,2/28/2015,Q4,A,Saturday,3,0.75,29.4,1144.0,4440,45,0.0,0,2,57.0,0.750716981
666,2/8/2015,Q2,A,Sunday,6,0.75,18.79,670.0,3960,34,0.0,0,0,33.0,0.75065101
119,1/7/2015,Q1,A,Wednesday,7,0.8,25.9,1066.0,10170,50,0.0,0,0,56.5,0.800128721
444,1/26/2015,Q4,A,Monday,6,0.8,11.61,1072.0,5760,50,0.0,0,0,32.0,0.800386364
897,2/23/2015,Q4,A,Monday,9,0.7,18.79,1641.0,6000,40,0.0,0,1,50.0,0.60128
669,2/8/2015,Q2,B,Sunday,6,0.75,2.9,,960,0,0.0,0,0,8.0,0.610208333
736,2/12/2015,Q2,A,Thursday,5,0.75,30.1,610.0,7080,56,0.0,0,0,59.0,0.750799435
108,1/7/2015,Q1,A,Wednesday,8,0.8,25.9,1135.0,10170,60,0.0,0,0,56.5,0.850136766
413,1/24/2015,Q4,B,Saturday,1,0.7,3.94,,1440,0,0.0,0,0,8.0,0.578314394
909,2/24/2015,Q4,A,Tuesday,7,0.75,30.1,739.0,5640,45,0.0,0,1,59.0,0.750727326
974,2/28/2015,Q4,A,Saturday,10,0.7,21.82,1448.0,6120,40,0.0,0,1,51.0,0.700236601
942,2/25/2015,Q4,B,Wednesday,9,0.7,2.9,,960,0,0.0,0,0,8.0,0.410833333
256,1/14/2015,Q2,B,Wednesday,10,0.8,3.94,,1260,0,0.0,0,0,8.0,0.332359307
781,2/15/2015,Q3,A,Sunday,3,0.6,30.1,1361.0,6960,30,0.0,0,1,58.0,0.475718391
198,1/12/2015,Q2,A,Monday,1,0.8,26.16,1099.0,8220,75,0.0,0,0,59.0,0.850522167
519,1/31/2015,Q5,A,Saturday,2,0.8,22.52,1397.0,6840,113,0.0,0,0,57.0,1.000230409
58,1/4/2015,Q1,B,Sunday,7,0.8,2.9,,960,0,0.0,0,0,8.0,0.667604167
173,1/11/2015,Q2,B,Sunday,1,0.8,3.94,,1440,0,0.0,0,0,8.0,0.873068182
571,2/2/2015,Q1,B,Monday,12,0.75,4.08,,1080,0,0.0,0,0,9.0,0.740444444
811,2/17/2015,Q3,B,Tuesday,6,0.8,2.9,,960,0,0.0,0,0,8.0,0.749166667
615,2/4/2015,Q1,A,Wednesday,5,0.65,30.1,326.0,5820,0,90.0,10,0,58.5,0.650834808
612,2/4/2015,Q1,A,Wednesday,11,0.7,10.05,1042.0,6120,60,0.0,0,0,53.0,0.700278846
728,2/11/2015,Q2,A,Wednesday,3,0.8,22.52,11.0,6840,0,0.0,0,1,57.0,0.536901754
53,1/4/2015,Q1,B,Sunday,10,0.7,3.94,,4320,0,0.0,0,0,18.0,0.759228395
603,2/4/2015,Q1,B,Wednesday,1,0.8,3.94,,1200,0,0.0,0,0,10.0,0.929183333
1065,3/4/2015,Q1,A,Wednesday,8,0.8,29.4,30.0,6840,0,0.0,0,0,57.0,0.433263158
114,1/7/2015,Q1,A,Wednesday,2,0.8,28.08,776.0,10350,63,0.0,0,0,57.5,0.800594466
788,2/16/2015,Q3,B,Monday,3,0.5,4.15,,960,0,0.0,0,0,8.0,0.864583333
358,1/21/2015,Q3,A,Wednesday,2,0.7,22.94,1422.0,10500,60,0.0,0,0,57.0,0.800415742
569,2/2/2015,Q1,A,Monday,4,0.8,22.52,23122.0,5940,50,0.0,0,0,56.5,0.800393224
299,1/18/2015,Q3,B,Sunday,5,0.6,4.15,,1440,0,0.0,0,0,8.0,0.852793561
367,1/21/2015,Q3,A,Wednesday,9,0.8,54.56,757.0,4140,29,0.0,0,0,58.0,0.520237649
1163,3/10/2015,Q2,A,Tuesday,9,0.75,18.79,1247.0,6240,45,0.0,0,0,52.0,0.750395513
1059,3/4/2015,Q1,A,Wednesday,9,0.75,18.79,1206.0,6240,34,0.0,0,0,52.0,0.750395513
777,2/15/2015,Q3,A,Sunday,11,0.65,11.41,700.0,2640,23,0.0,0,2,53.0,0.650223718
498,1/29/2015,Q5,A,Thursday,2,0.8,22.52,1416.0,6840,113,0.0,0,0,57.0,1.000230409
61,1/5/2015,Q1,B,Monday,1,0.8,3.94,,1920,0,0.0,0,0,8.0,0.961059028
1053,3/4/2015,Q1,A,Wednesday,11,0.8,11.41,433.0,0,38,0.0,0,0,56.0,0.800701754
607,2/4/2015,Q1,A,Wednesday,9,0.8,22.52,1086.0,6960,50,0.0,0,0,58.0,0.799963218
985,3/1/2015,Q1,B,Sunday,3,0.8,4.6,,10500,0,0.0,0,0,25.0,0.936355556
850,2/19/2015,Q3,A,Thursday,6,0.75,18.79,899.0,3960,56,0.0,0,0,33.0,0.75065101
91,1/6/2015,Q1,B,Tuesday,2,0.8,3.94,,1440,0,0.0,0,0,8.0,0.805909091
679,2/9/2015,Q2,B,Monday,6,0.75,2.9,,960,0,0.0,0,0,8.0,0.888125
1135,3/9/2015,Q2,A,Monday,12,0.8,15.26,1132.0,4080,63,0.0,0,0,34.0,0.800401961
264,1/15/2015,Q3,A,Thursday,1,0.8,26.16,1160.0,10620,75,0.0,0,0,59.0,0.850502311
506,1/29/2015,Q5,B,Thursday,10,0.8,3.94,,1200,0,0.0,0,0,10.0,0.85695
511,1/29/2015,Q5,B,Thursday,2,0.8,3.94,,1200,0,0.0,0,0,10.0,0.773333333
1146,3/9/2015,Q2,A,Monday,5,0.6,26.82,919.0,7080,23,0.0,0,1,59.0,0.600040678
991,3/1/2015,Q1,A,Sunday,9,0.75,18.79,895.0,6240,34,0.0,0,0,52.0,0.750395513
422,1/25/2015,Q4,A,Sunday,4,0.75,22.52,867.0,10260,94,0.0,0,0,57.0,0.900321106
412,1/24/2015,Q4,B,Saturday,2,0.75,3.94,,1440,0,0.0,0,0,8.0,0.578314394
594,2/3/2015,Q1,A,Tuesday,8,0.7,24.26,1363.0,6660,0,0.0,0,0,55.5,0.586465465
470,1/27/2015,Q4,A,Tuesday,9,0.7,29.12,1294.0,6960,50,0.0,0,0,58.0,0.700386207
464,1/27/2015,Q4,B,Tuesday,8,0.65,3.94,,960,0,0.0,0,0,8.0,0.845458333
892,2/23/2015,Q4,A,Monday,6,0.75,18.79,1100.0,3960,45,0.0,0,0,33.0,0.75065101
524,1/31/2015,Q5,B,Saturday,1,0.75,3.94,,1800,0,0.0,0,0,15.0,0.971866667
943,2/26/2015,Q4,B,Thursday,3,0.8,4.6,,6300,0,0.0,0,0,15.0,0.921703704
664,2/8/2015,Q2,A,Sunday,12,0.8,15.26,1026.0,2880,63,0.0,0,0,34.0,0.800355208
501,1/29/2015,Q5,A,Thursday,4,0.8,22.52,1444.0,6900,88,0.0,0,0,57.5,0.9008
580,2/3/2015,Q1,B,Tuesday,2,0.8,3.94,,2400,0,0.0,0,0,20.0,1.001416667
681,2/9/2015,Q2,A,Monday,3,0.8,22.52,1271.0,5400,50,0.0,0,0,57.0,0.800161172
476,1/27/2015,Q4,A,Tuesday,11,0.5,48.18,1282.0,6480,23,0.0,0,0,54.0,0.37046657
829,2/18/2015,Q3,A,Wednesday,12,0.8,15.26,1095.0,4080,63,0.0,0,0,34.0,0.800401961
1029,3/3/2015,Q1,A,Tuesday,12,0.8,15.26,983.0,4080,50,0.0,0,0,34.0,0.800401961
314,1/18/2015,Q3,A,Sunday,5,0.6,20.4,1031.0,10440,30,0.0,0,0,58.0,0.600062696
861,2/19/2015,Q3,B,Thursday,12,0.8,5.13,,2160,0,0.0,0,0,9.0,0.609583333
392,1/22/2015,Q4,B,Thursday,12,0.6,4.08,,5400,0,0.0,0,0,9.0,0.327407407
1167,3/10/2015,Q2,A,Tuesday,2,0.7,16.1,957.0,5400,40,0.0,0,1,45.0,0.700051852
656,2/8/2015,Q2,B,Sunday,7,0.7,4.15,,1440,0,0.0,0,0,12.0,0.928680556
385,1/22/2015,Q4,B,Thursday,6,0.8,2.9,,4800,0,0.0,0,0,8.0,0.626822917
77,1/5/2015,Q1,B,Monday,5,0.6,2.9,,960,0,0.0,0,0,8.0,0.759270833
1007,3/2/2015,Q1,B,Monday,4,0.65,3.94,,960,0,0.0,0,0,8.0,0.806879167
1113,3/8/2015,Q2,A,Sunday,4,0.75,26.82,1082.0,6840,65,0.0,0,0,57.0,0.850084211
809,2/17/2015,Q3,A,Tuesday,6,0.75,18.79,726.0,3360,0,0.0,0,0,33.0,0.750621354
638,2/7/2015,Q1,A,Saturday,3,0.8,22.52,1060.0,6840,100,0.0,0,0,57.0,0.950185965
812,2/17/2015,Q3,A,Tuesday,7,0.7,30.1,562.0,840,30,0.0,0,1,59.0,0.700888203
1169,3/10/2015,Q2,A,Tuesday,7,0.6,30.48,1017.0,6840,25,0.0,0,1,57.0,0.630402924
1123,3/8/2015,Q2,A,Sunday,8,0.6,30.48,869.0,6720,0,0.0,0,1,56.0,0.600528571
74,1/5/2015,Q1,A,Monday,2,0.8,28.08,757.0,6900,50,0.0,0,0,57.5,0.800076522
322,1/19/2015,Q3,A,Monday,8,0.8,25.9,1380.0,3630,50,0.0,0,0,56.5,0.800162602
148,1/10/2015,Q2,B,Saturday,1,0.8,3.94,,2160,0,0.0,0,0,8.0,0.985
565,2/2/2015,Q1,A,Monday,10,0.8,22.52,21540.0,6720,88,0.0,0,0,56.0,0.900129762
356,1/21/2015,Q3,B,Wednesday,9,0.8,3.94,,2400,0,0.0,0,0,8.0,0.827147436
46,1/4/2015,Q1,A,Sunday,7,0.8,25.9,1227.0,7020,60,0.0,0,0,56.5,0.850436438
761,2/14/2015,Q2,A,Saturday,11,0.6,11.41,1039.0,2280,23,0.0,0,2,55.0,0.600447507
128,1/8/2015,Q2,A,Thursday,9,0.8,26.16,1216.0,10620,88,0.0,0,0,59.0,0.900215716
442,1/26/2015,Q4,B,Monday,1,0.7,3.94,,1800,0,0.0,0,0,10.0,0.910378788
830,2/18/2015,Q3,A,Wednesday,1,0.8,22.52,1374.0,3960,63,0.0,0,0,57.0,0.800279693
160,1/10/2015,Q2,A,Saturday,12,0.8,11.61,893.0,4710,50,0.0,0,0,31.5,0.800346445
252,1/14/2015,Q2,B,Wednesday,8,0.8,2.9,,1440,0,0.0,0,0,8.0,0.667329545
429,1/25/2015,Q4,A,Sunday,7,0.7,22.52,360.0,10170,40,0.0,0,0,56.5,0.7005417
762,2/14/2015,Q2,A,Saturday,6,0.8,18.79,822.0,4080,0,0.0,0,0,34.0,0.557252451
699,2/10/2015,Q2,A,Tuesday,9,0.8,29.12,1263.0,2160,38,0.0,0,0,58.0,0.8008
883,2/22/2015,Q4,B,Sunday,7,0.7,5.13,,960,0,0.0,0,0,8.0,0.283958333
499,1/29/2015,Q5,B,Thursday,4,0.8,4.3,,1200,0,0.0,0,0,10.0,0.989
721,2/11/2015,Q2,A,Wednesday,9,0.8,29.12,609.0,3240,50,0.0,0,0,58.0,0.800144144
227,1/13/2015,Q2,A,Tuesday,6,0.8,11.61,1004.0,5670,50,0.0,0,0,31.5,0.800246753
936,2/25/2015,Q4,B,Wednesday,7,0.75,4.6,,960,0,0.0,0,0,8.0,0.676666667
348,1/20/2015,Q3,B,Tuesday,8,0.8,2.9,,1440,0,0.0,0,0,8.0,0.639867424
279,1/17/2015,Q3,B,Saturday,2,0.8,3.94,,1800,0,0.0,0,0,10.0,0.980909091
36,1/3/2015,Q1,A,Saturday,4,0.7,23.69,544.0,13800,0,0.0,0,0,60.0,0.700134038
203,1/12/2015,Q2,B,Monday,5,0.65,4.15,,1440,0,0.0,0,0,8.0,0.809564394
973,2/28/2015,Q4,A,Saturday,9,0.75,18.79,841.0,6240,45,0.0,0,1,52.0,0.750395513
62,1/5/2015,Q1,B,Monday,11,0.8,3.94,,2400,0,0.0,0,0,10.0,0.939513889
739,2/12/2015,Q2,B,Thursday,9,0.8,3.94,,960,0,0.0,0,0,8.0,0.656666667
1009,3/2/2015,Q1,A,Monday,12,0.8,15.26,1035.0,4080,63,0.0,0,0,34.0,0.800401961
543,2/1/2015,Q1,A,Sunday,2,0.8,22.52,1396.0,6900,113,0.0,0,0,57.5,1.000671304
260,1/15/2015,Q3,B,Thursday,10,0.8,3.94,,3420,0,0.0,0,0,19.0,0.953110048
219,1/13/2015,Q2,B,Tuesday,3,0.8,4.15,,1620,0,0.0,0,0,9.0,0.901262626
848,2/19/2015,Q3,A,Thursday,5,0.8,30.1,276.0,600,63,3.5,15,0,59.5,0.799982853
732,2/12/2015,Q2,A,Thursday,2,0.8,22.52,1327.0,0,113,0.0,0,0,57.5,1.000344928
1041,3/3/2015,Q1,B,Tuesday,1,0.7,3.94,,3360,0,0.0,0,0,8.0,0.555430556
43,1/4/2015,Q1,A,Sunday,6,0.8,11.61,539.0,6975,50,0.0,0,0,31.0,0.879714482
514,1/29/2015,Q5,A,Thursday,11,0.6,20.1,1601.0,4320,46,0.0,0,0,51.0,0.60059761
553,2/1/2015,Q1,A,Sunday,9,0.75,29.12,1282.0,6960,45,0.0,0,0,58.0,0.750593103
534,1/31/2015,Q5,A,Saturday,9,0.75,29.12,1082.0,6840,81,0.0,0,0,57.0,0.850610526
1056,3/4/2015,Q1,A,Wednesday,7,0.8,30.1,874.0,3960,50,0.0,0,0,59.0,0.800055762
971,2/28/2015,Q4,A,Saturday,6,0.75,18.79,1012.0,3960,45,0.0,0,0,33.0,0.75065101
910,2/24/2015,Q4,A,Tuesday,6,0.75,18.79,913.0,3360,45,0.0,0,0,33.0,0.75065101
452,1/26/2015,Q4,A,Monday,12,0.7,15.26,1337.0,6120,40,0.0,0,0,34.0,0.70043672
448,1/26/2015,Q4,A,Monday,10,0.75,22.52,1250.0,10080,55,0.0,0,0,56.0,0.800020563
878,2/22/2015,Q4,A,Sunday,3,0.7,30.1,1041.0,8160,33,0.0,0,2,58.0,0.626577778
585,2/3/2015,Q1,A,Tuesday,3,0.8,22.52,1112.0,6840,100,0.0,0,0,57.0,0.950185965
608,2/4/2015,Q1,B,Wednesday,7,0.7,3.94,,960,0,0.0,0,0,8.0,0.779791667
4,1/1/2015,Q1,A,Thursday,6,0.8,25.9,1170.0,1920,50,0.0,0,0,56.0,0.800381944
1179,3/11/2015,Q2,A,Wednesday,3,0.8,30.1,735.0,6960,63,0.0,0,1,58.0,0.800071839
884,2/23/2015,Q4,B,Monday,10,0.8,3.94,,2400,0,0.0,0,0,20.0,0.955791667
715,2/11/2015,Q2,B,Wednesday,8,0.35,4.15,,1440,0,0.0,0,0,12.0,0.994375
3,1/1/2015,Q1,A,Thursday,12,0.8,11.41,968.0,3660,50,0.0,0,0,30.5,0.800570492
775,2/15/2015,Q3,A,Sunday,8,0.7,30.1,507.0,5880,40,2.0,10,1,59.0,0.700573099
97,1/6/2015,Q1,A,Tuesday,8,0.8,25.9,1083.0,10170,38,0.0,0,0,56.5,0.800128721
562,2/2/2015,Q1,B,Monday,9,0.75,3.94,,960,0,0.0,0,0,8.0,0.994270833
620,2/5/2015,Q1,A,Thursday,10,0.8,22.52,1039.0,6720,113,0.0,0,0,56.0,0.999995238
618,2/5/2015,Q1,A,Thursday,2,0.8,22.52,1300.0,6780,113,0.0,0,0,56.5,1.000446018
70,1/5/2015,Q1,A,Monday,1,0.8,26.16,1138.0,7080,63,0.0,0,0,59.0,0.800318644
368,1/21/2015,Q3,B,Wednesday,1,0.65,3.94,,2400,0,0.0,0,0,8.0,0.505128205
889,2/23/2015,Q4,A,Monday,4,0.8,30.1,891.0,7140,38,0.0,0,1,59.0,0.800137255
21,1/3/2015,Q1,B,Saturday,9,0.8,4.15,,960,0,0.0,0,0,8.0,0.956270833
423,1/25/2015,Q4,A,Sunday,2,0.75,22.94,1636.0,10530,81,0.0,0,0,58.5,0.850223776
911,2/24/2015,Q4,A,Tuesday,11,0.75,11.61,698.0,3360,34,0.0,0,2,57.0,0.750437269
744,2/12/2015,Q2,A,Thursday,11,0.5,11.41,1039.0,2280,0,0.0,0,2,55.0,0.50012336
459,1/27/2015,Q4,B,Tuesday,4,0.8,4.3,,1440,0,0.0,0,0,12.0,0.940625
857,2/19/2015,Q3,B,Thursday,8,0.7,5.13,,1920,0,0.0,0,0,8.0,0.672135417
716,2/11/2015,Q2,B,Wednesday,2,0.8,3.94,,2160,0,0.0,0,0,18.0,0.912037037
639,2/7/2015,Q1,A,Saturday,1,0.8,22.52,1534.0,6780,88,0.0,0,0,57.0,0.900135693
400,1/24/2015,Q4,B,Saturday,7,0.65,3.94,,2160,0,0.0,0,0,12.0,0.870580808
394,1/24/2015,Q4,B,Saturday,10,0.75,3.94,,1800,0,0.0,0,0,10.0,0.937242424
134,1/8/2015,Q2,B,Thursday,2,0.8,3.94,,1440,0,0.0,0,0,8.0,0.835757576
391,1/22/2015,Q4,B,Thursday,8,0.8,2.9,,4800,0,0.0,0,0,8.0,0.397743056
895,2/23/2015,Q4,A,Monday,8,0.7,29.4,1094.0,6840,40,0.0,0,2,57.0,0.700614035
350,1/20/2015,Q3,A,Tuesday,7,0.35,22.94,1450.0,10080,30,0.0,0,0,56.0,0.400332792
37,1/3/2015,Q1,A,Saturday,9,0.7,28.08,1072.0,6900,40,0.0,0,0,57.5,0.699965217
1131,3/9/2015,Q2,A,Monday,4,0.75,26.82,1079.0,7020,65,0.0,0,0,58.0,0.850446154
276,1/15/2015,Q3,A,Thursday,11,0.5,14.89,917.0,9900,30,0.0,0,0,55.0,0.500025069
397,1/24/2015,Q4,A,Saturday,4,0.75,22.52,727.0,10260,94,0.0,0,0,57.0,0.900321106
52,1/4/2015,Q1,B,Sunday,2,0.8,3.94,,960,0,0.0,0,0,8.0,0.792104167
504,1/29/2015,Q5,B,Thursday,8,0.65,4.15,,960,0,0.0,0,0,8.0,0.877552083
411,1/24/2015,Q4,A,Saturday,9,0.6,29.12,925.0,6660,23,0.0,0,0,58.0,0.600125217
675,2/9/2015,Q2,B,Monday,1,0.8,3.94,,1200,0,0.0,0,0,10.0,0.962016667
719,2/11/2015,Q2,A,Wednesday,6,0.8,18.79,656.0,3480,38,0.0,0,0,34.0,0.800947475
949,2/26/2015,Q4,A,Thursday,6,0.75,18.79,912.0,3960,45,0.0,0,0,33.0,0.75065101
353,1/21/2015,Q3,B,Wednesday,2,0.7,3.94,,5100,0,0.0,0,0,17.0,0.912202112
42,1/4/2015,Q1,B,Sunday,1,0.8,3.94,,960,0,0.0,0,0,8.0,0.915229167
1196,3/11/2015,Q2,B,Wednesday,6,0.7,2.9,,720,0,0.0,0,0,6.0,0.394722222
301,1/18/2015,Q3,B,Sunday,6,0.8,2.9,,1800,0,0.0,0,0,10.0,0.804848485
546,2/1/2015,Q1,A,Sunday,3,0.8,22.52,1124.0,6840,100,0.0,0,0,57.0,0.950185965
364,1/21/2015,Q3,A,Wednesday,1,0.65,22.94,1595.0,10260,34,0.0,0,0,57.0,0.700029771
860,2/19/2015,Q3,A,Thursday,7,0.75,30.1,444.0,0,0,5.0,20,1,59.0,0.611140537
323,1/19/2015,Q3,A,Monday,9,0.8,26.16,1196.0,10620,63,0.0,0,0,59.0,0.800117103
1093,3/7/2015,Q1,A,Saturday,3,0.8,29.4,983.0,6840,63,0.0,0,1,57.0,0.800578947
472,1/27/2015,Q4,A,Tuesday,8,0.65,15.09,976.0,240,23,0.0,0,0,52.0,0.650307143
609,2/4/2015,Q1,B,Wednesday,9,0.75,3.94,,960,0,0.0,0,0,8.0,0.755166667
458,1/27/2015,Q4,B,Tuesday,10,0.8,3.94,,1440,0,0.0,0,0,12.0,0.979527778
523,1/31/2015,Q5,B,Saturday,10,0.8,3.94,,1200,0,0.0,0,0,10.0,0.971866667
253,1/14/2015,Q2,A,Wednesday,4,0.6,22.4,816.0,5100,23,0.0,0,0,57.0,0.600369686
489,1/28/2015,Q4,A,Wednesday,12,0.75,15.26,1429.0,3600,45,0.0,0,0,35.0,0.750283333
81,1/5/2015,Q1,B,Monday,8,0.8,2.9,,960,0,0.0,0,0,8.0,0.664583333
1157,3/10/2015,Q2,B,Tuesday,9,0.75,2.9,,1800,0,0.0,0,0,15.0,0.821666667
183,1/11/2015,Q2,A,Sunday,10,0.8,28.08,762.0,10530,38,0.0,0,0,58.5,0.8
73,1/5/2015,Q1,A,Monday,12,0.8,11.61,1037.0,7200,50,0.0,0,0,32.0,0.800246011
475,1/27/2015,Q4,A,Tuesday,5,0.5,20.79,1455.0,6960,30,0.0,0,0,58.0,0.500035345
627,2/5/2015,Q1,A,Thursday,12,0.8,15.26,1083.0,720,38,0.0,0,0,34.0,0.800612676
374,1/22/2015,Q4,A,Thursday,2,0.7,22.94,1510.0,10620,60,0.0,0,0,57.0,0.800302791
1042,3/3/2015,Q1,B,Tuesday,4,0.7,3.94,,3360,0,0.0,0,0,8.0,0.555430556
192,1/11/2015,Q2,A,Sunday,5,0.6,20.79,1208.0,7980,0,0.0,0,0,57.0,0.452979626
163,1/10/2015,Q2,A,Saturday,10,0.8,28.08,1082.0,10530,63,0.0,0,0,58.5,0.8
298,1/17/2015,Q3,B,Saturday,11,0.8,4.15,,1260,0,0.0,0,0,7.0,0.313852814
741,2/12/2015,Q2,B,Thursday,2,0.8,3.94,,2160,0,0.0,0,0,18.0,0.601944444
130,1/8/2015,Q2,A,Thursday,1,0.8,26.16,1189.0,10620,75,0.0,0,0,59.0,0.850502311
898,2/23/2015,Q4,A,Monday,10,0.7,21.25,1583.0,6000,0,0.0,0,1,50.0,0.417916667
815,2/17/2015,Q3,B,Tuesday,4,0.75,5.13,,960,0,0.0,0,0,8.0,0.656666667
738,2/12/2015,Q2,B,Thursday,1,0.8,3.94,,1440,0,0.0,0,0,12.0,0.664875
98,1/6/2015,Q1,A,Tuesday,6,0.8,11.61,910.0,4470,38,0.0,0,0,31.5,0.80007657
890,2/23/2015,Q4,A,Monday,5,0.8,30.1,541.0,7140,38,0.0,0,0,59.0,0.800137255
410,1/24/2015,Q4,A,Saturday,7,0.65,22.52,1295.0,10170,26,0.0,0,0,56.5,0.650416734
438,1/26/2015,Q4,B,Monday,10,0.75,3.94,,3780,0,0.0,0,0,21.0,0.997792208
711,2/11/2015,Q2,B,Wednesday,4,0.7,4.15,,1800,0,0.0,0,0,15.0,1.033155556
1193,3/11/2015,Q2,B,Wednesday,8,0.7,3.9,,960,0,0.0,0,0,8.0,0.625625
383,1/22/2015,Q4,B,Thursday,1,0.7,3.94,,15000,0,0.0,0,0,25.0,0.649662222
139,1/8/2015,Q2,A,Thursday,6,0.8,11.41,411.0,14640,50,0.0,0,0,30.5,0.800024932
522,1/31/2015,Q5,B,Saturday,4,0.8,3.94,,1200,0,0.0,0,0,10.0,0.971866667
515,1/29/2015,Q5,A,Thursday,6,0.5,18.79,717.0,3960,23,0.0,0,0,33.0,0.500117677
1,1/1/2015,Q1,B,Thursday,1,0.75,3.94,,960,0,0.0,0,0,8.0,0.8865
1032,3/3/2015,Q1,A,Tuesday,4,0.7,26.66,950.0,6960,50,0.0,0,0,58.0,0.750770115
704,2/10/2015,Q2,A,Tuesday,5,0.75,30.1,855.0,7020,45,0.0,0,0,58.0,0.750356125
491,1/28/2015,Q4,B,Wednesday,8,0.65,4.15,,960,0,0.0,0,0,8.0,0.553333333
1129,3/9/2015,Q2,B,Monday,12,0.8,4.6,,0,1080,0.0,0,0,9.0,0.902962963
143,1/8/2015,Q2,B,Thursday,3,0.75,4.15,,2160,0,0.0,0,0,12.0,0.712626263
1020,3/2/2015,Q1,A,Monday,10,0.7,21.82,1511.0,3600,30,0.0,0,0,51.0,0.70013604
566,2/2/2015,Q1,B,Monday,10,0.8,3.94,,1200,0,0.0,0,0,10.0,0.85695
338,1/20/2015,Q3,A,Tuesday,6,0.8,11.41,1047.0,5580,63,0.0,0,0,31.0,0.800261486
801,2/16/2015,Q3,A,Monday,9,0.6,18.79,2103.0,5400,0,0.0,0,1,54.0,0.329964879
1074,3/5/2015,Q1,B,Thursday,3,0.8,4.6,,1800,0,0.0,0,0,15.0,0.810111111
1161,3/10/2015,Q2,B,Tuesday,11,0.8,2.9,,960,0,0.0,0,0,8.0,0.758229167
924,2/25/2015,Q4,B,Wednesday,3,0.8,4.6,,2400,0,0.0,0,0,20.0,0.900833333
877,2/22/2015,Q4,A,Sunday,9,0.7,18.79,1717.0,3240,30,0.0,0,1,57.0,0.627011183
755,2/14/2015,Q2,B,Saturday,1,0.8,3.94,,1440,0,0.0,0,0,12.0,0.796208333
509,1/29/2015,Q5,A,Thursday,9,0.7,29.12,1170.0,6960,53,0.0,0,0,58.0,0.850170115
1139,3/9/2015,Q2,B,Monday,1,0.75,3.94,,0,960,0.0,0,0,8.0,0.794566667
473,1/27/2015,Q4,A,Tuesday,6,0.8,30.4,338.0,3840,34,0.0,0,0,32.0,0.622828125
1151,3/10/2015,Q2,B,Tuesday,5,0.6,3.94,,1440,0,0.0,0,0,12.0,0.909391667
871,2/22/2015,Q4,B,Sunday,9,0.8,3.94,,2400,0,0.0,0,0,10.0,0.753525
1126,3/8/2015,Q2,B,Sunday,10,0.7,2.9,,960,0,0.0,0,0,8.0,0.441041667
701,2/10/2015,Q2,B,Tuesday,4,0.7,4.15,,1800,0,0.0,0,0,15.0,0.796755556
1133,3/9/2015,Q2,B,Monday,9,0.75,2.9,,0,3600,0.0,0,0,15.0,0.841
1084,3/5/2015,Q1,B,Thursday,9,0.75,2.9,,960,0,0.0,0,0,8.0,0.453125
1102,3/7/2015,Q1,B,Saturday,8,0.8,4.6,,3600,0,0.0,0,0,15.0,0.590740741
678,2/9/2015,Q2,A,Monday,2,0.8,22.52,1413.0,360,70,0.0,0,0,57.0,0.900477825
726,2/11/2015,Q2,A,Wednesday,7,0.6,30.1,829.0,3360,23,0.0,0,1,58.0,0.600070513
802,2/16/2015,Q3,B,Monday,7,0.7,4.15,,1800,0,0.0,0,0,15.0,0.258
863,2/19/2015,Q3,A,Thursday,10,0.7,19.68,1410.0,5760,0,0.0,0,1,48.0,0.249416667
528,1/31/2015,Q5,B,Saturday,7,0.7,3.94,,1200,0,0.0,0,0,10.0,0.971866667
541,1/31/2015,Q5,A,Saturday,8,0.5,23.54,1144.0,6480,0,0.0,0,0,54.0,0.286984568
510,1/29/2015,Q5,A,Thursday,5,0.65,20.79,1015.0,7080,81,0.0,0,0,59.0,0.800473729
1057,3/4/2015,Q1,A,Wednesday,4,0.7,26.82,1028.0,6960,60,0.0,0,0,58.0,0.799975862
730,2/12/2015,Q2,A,Thursday,1,0.8,22.52,1397.0,0,138,0.0,0,0,57.0,1.100483918
925,2/25/2015,Q4,B,Wednesday,12,0.8,4.6,,1800,0,0.0,0,0,15.0,0.899555556
503,1/29/2015,Q5,B,Thursday,6,0.5,2.9,,1200,0,0.0,0,0,10.0,0.899
226,1/13/2015,Q2,B,Tuesday,2,0.8,3.94,,1440,0,0.0,0,0,8.0,0.805909091
763,2/14/2015,Q2,A,Saturday,3,0.5,30.1,1261.0,6960,30,0.0,0,1,58.0,0.500801724
176,1/11/2015,Q2,A,Sunday,7,0.8,25.9,1012.0,10170,45,0.0,0,0,56.5,0.850136766
750,2/14/2015,Q2,B,Saturday,7,0.7,4.15,,1800,0,0.0,0,0,15.0,0.929277778
1024,3/2/2015,Q1,B,Monday,7,0.8,4.6,,3360,0,0.0,0,0,8.0,0.342361111
901,2/23/2015,Q4,B,Monday,2,0.8,5.13,,960,0,0.0,0,0,8.0,0.36871875
998,3/1/2015,Q1,B,Sunday,10,0.7,2.9,,3360,0,0.0,0,0,8.0,0.664583333
947,2/26/2015,Q4,A,Thursday,12,0.8,15.26,1065.0,4080,63,0.0,0,0,34.0,0.800401961
772,2/15/2015,Q3,A,Sunday,5,0.8,30.1,679.0,7140,0,0.0,0,0,59.5,0.722568627
696,2/10/2015,Q2,A,Tuesday,3,0.8,22.52,813.0,0,88,0.0,0,0,57.0,0.90047076
303,1/18/2015,Q3,A,Sunday,7,0.8,48.84,624.0,10170,50,0.0,0,0,56.5,0.800128721
478,1/28/2015,Q4,A,Wednesday,3,0.8,22.52,1350.0,6840,113,0.0,0,0,57.0,1.000230409
950,2/26/2015,Q4,A,Thursday,3,0.75,29.4,1244.0,6840,45,0.0,0,2,57.0,0.750473684
136,1/8/2015,Q2,A,Thursday,2,0.8,28.08,783.0,10050,63,0.0,0,0,58.5,0.800497246
100,1/6/2015,Q1,A,Tuesday,11,0.75,19.31,590.0,9900,45,0.0,0,0,55.0,0.750057851
766,2/15/2015,Q3,B,Sunday,1,0.8,3.94,,960,0,0.0,0,0,8.0,1.1204375
722,2/11/2015,Q2,A,Wednesday,5,0.75,30.1,788.0,7380,56,0.0,0,0,59.5,0.750406233
908,2/24/2015,Q4,B,Tuesday,8,0.7,4.6,,960,0,0.0,0,0,8.0,0.791458333
654,2/7/2015,Q1,A,Saturday,8,0.7,24.26,652.0,6840,0,300.0,37,0,57.0,0.365318713
827,2/18/2015,Q3,A,Wednesday,4,0.8,30.1,864.0,480,50,0.0,0,1,58.0,0.800980392
670,2/8/2015,Q2,B,Sunday,9,0.8,3.94,,960,0,0.0,0,0,8.0,0.607416667
729,2/11/2015,Q2,A,Wednesday,11,0.35,11.41,434.0,3240,0,0.0,0,1,52.0,0.507903226
713,2/11/2015,Q2,A,Wednesday,2,0.8,22.52,1557.0,0,90,0.0,0,0,57.5,1.000344928
662,2/8/2015,Q2,B,Sunday,2,0.8,3.94,,2160,0,0.0,0,0,18.0,0.875555556
1117,3/8/2015,Q2,A,Sunday,11,0.8,11.41,313.0,3420,50,0.0,0,0,58.0,0.800034503
483,1/28/2015,Q4,A,Wednesday,1,0.75,22.94,1868.0,6960,81,0.0,0,0,58.0,0.850362069
321,1/19/2015,Q3,A,Monday,6,0.8,11.41,1028.0,4380,50,0.0,0,0,31.0,0.800358775
156,1/10/2015,Q2,B,Saturday,11,0.8,4.15,,1440,0,0.0,0,0,8.0,0.817424242
1083,3/5/2015,Q1,A,Thursday,2,0.6,15.28,529.0,1320,0,0.0,0,1,46.0,0.600099145
997,3/1/2015,Q1,B,Sunday,4,0.6,3.94,,960,0,0.0,0,0,8.0,0.673083333
563,2/2/2015,Q1,A,Monday,2,0.8,22.52,21385.0,7020,88,0.0,0,0,58.5,0.900158405
599,2/4/2015,Q1,A,Wednesday,2,0.8,22.52,1263.0,6900,100,0.0,0,0,57.5,1.05028058
595,2/3/2015,Q1,A,Tuesday,7,0.7,24.26,1639.0,6720,0,0.0,0,0,56.0,0.541517857
683,2/9/2015,Q2,A,Monday,4,0.7,30.1,767.0,3300,50,0.0,0,1,57.0,0.790003236
707,2/10/2015,Q2,B,Tuesday,9,0.8,3.94,,960,0,0.0,0,0,8.0,0.6895
366,1/21/2015,Q3,B,Wednesday,8,0.8,2.9,,2400,0,0.0,0,0,8.0,0.594871795
267,1/15/2015,Q3,A,Thursday,9,0.8,26.16,1369.0,10620,63,0.0,0,0,59.0,0.800117103
658,2/8/2015,Q2,A,Sunday,1,0.8,22.52,1615.0,6780,88,0.0,0,0,56.5,0.900135693
234,1/13/2015,Q2,A,Tuesday,11,0.7,27.13,530.0,9540,37,0.0,0,0,53.0,0.582301029
1006,3/2/2015,Q1,B,Monday,3,0.8,4.6,,10080,0,0.0,0,0,24.0,0.86037037
189,1/11/2015,Q2,B,Sunday,6,0.8,2.9,,1440,0,0.0,0,0,8.0,0.597348485
1051,3/4/2015,Q1,B,Wednesday,1,0.7,3.94,,960,0,0.0,0,0,8.0,0.806879167
195,1/12/2015,Q2,B,Monday,3,0.8,4.15,,1800,0,0.0,0,0,10.0,0.905454545
676,2/9/2015,Q2,A,Monday,10,0.8,22.52,1127.0,120,88,0.0,0,0,56.0,0.9008
147,1/8/2015,Q2,A,Thursday,5,0.7,42.41,724.0,10260,0,0.0,0,0,57.0,0.233705476
823,2/18/2015,Q3,B,Wednesday,12,0.8,5.13,,1200,0,0.0,0,0,10.0,0.9918
906,2/24/2015,Q4,A,Tuesday,5,0.8,30.1,450.0,7140,50,0.0,0,0,60.0,0.800137255
507,1/29/2015,Q5,B,Thursday,1,0.75,3.94,,1200,0,0.0,0,0,10.0,0.853666667
373,1/22/2015,Q4,A,Thursday,4,0.75,22.52,759.0,10080,81,0.0,0,0,56.0,0.849983766
1168,3/10/2015,Q2,A,Tuesday,5,0.65,26.82,1001.0,7080,26,0.0,0,1,59.0,0.650044068
177,1/11/2015,Q2,A,Sunday,8,0.8,25.9,1209.0,10170,60,0.0,0,0,56.5,0.850136766
68,1/5/2015,Q1,A,Monday,7,0.8,25.9,1255.0,6780,50,0.0,0,0,56.5,0.800684366
230,1/13/2015,Q2,A,Tuesday,3,0.8,42.27,465.0,9900,54,0.0,0,0,55.0,0.705576584
570,2/2/2015,Q1,A,Monday,9,0.75,29.12,8992.0,6960,55,0.0,0,0,58.0,0.799963218
667,2/8/2015,Q2,A,Sunday,11,0.75,10.05,629.0,3240,45,0.0,0,0,27.0,0.750027778
1121,3/8/2015,Q2,A,Sunday,2,0.7,16.1,928.0,4800,30,0.0,0,1,45.0,0.700106061
531,1/31/2015,Q5,B,Saturday,6,0.6,3.94,,1200,0,0.0,0,0,10.0,0.971866667
1000,3/1/2015,Q1,B,Sunday,2,0.7,3.9,,960,0,0.0,0,0,8.0,0.585
734,2/12/2015,Q2,A,Thursday,12,0.8,15.26,894.0,4080,50,0.0,0,0,34.0,0.800401961
16,1/1/2015,Q1,B,Thursday,7,0.8,2.9,,960,0,0.0,0,0,8.0,0.540729167
835,2/18/2015,Q3,A,Wednesday,9,0.7,18.79,1587.0,4560,30,0.0,0,1,51.0,0.70009573
783,2/15/2015,Q3,B,Sunday,4,0.75,4.15,,2400,0,0.0,0,0,20.0,0.287041667
280,1/17/2015,Q3,B,Saturday,10,0.8,3.94,,1440,0,0.0,0,0,8.0,0.974621212
773,2/15/2015,Q3,B,Sunday,11,0.6,2.9,,1200,0,0.0,0,0,10.0,0.715333333
1176,3/11/2015,Q2,B,Wednesday,4,0.75,3.94,,1920,0,0.0,0,0,8.0,0.813309028
545,2/1/2015,Q1,B,Sunday,1,0.75,3.94,,2280,0,0.0,0,0,19.0,0.950438596
559,2/1/2015,Q1,A,Sunday,7,0.7,24.26,1400.0,6720,0,0.0,0,0,56.0,0.411553571
502,1/29/2015,Q5,A,Thursday,10,0.8,22.52,1088.0,6720,88,0.0,0,0,56.0,0.900129762
751,2/14/2015,Q2,B,Saturday,4,0.75,4.15,,2400,0,0.0,0,0,20.0,0.902916667
468,1/27/2015,Q4,B,Tuesday,2,0.75,3.94,,1200,0,0.0,0,0,10.0,0.788
164,1/10/2015,Q2,A,Saturday,3,0.75,19.87,1075.0,7080,45,0.0,0,0,56.0,0.750098351
624,2/5/2015,Q1,B,Thursday,12,0.8,4.08,,1080,0,0.0,0,0,9.0,0.906666667
324,1/19/2015,Q3,B,Monday,12,0.8,2.9,,1440,0,0.0,0,0,8.0,0.793844697
375,1/22/2015,Q4,A,Thursday,6,0.8,11.61,955.0,6360,63,0.0,0,0,32.0,0.800191989
1018,3/2/2015,Q1,A,Monday,4,0.65,26.66,832.0,6780,55,0.0,0,0,57.0,0.750254867
966,2/28/2015,Q4,A,Saturday,11,0.8,11.61,954.0,0,50,0.0,0,2,58.0,0.800779018
239,1/14/2015,Q2,B,Wednesday,4,0.35,4.3,,2700,0,0.0,0,0,8.0,0.908080808
630,2/5/2015,Q1,A,Thursday,11,0.75,10.05,668.0,2520,34,0.0,0,0,26.0,0.7504
1106,3/8/2015,Q2,B,Sunday,3,0.8,4.6,,1440,0,0.0,0,0,12.0,0.951944444
972,2/28/2015,Q4,A,Saturday,8,0.75,29.4,792.0,4560,56,0.0,0,2,58.0,0.750425926
1110,3/8/2015,Q2,B,Sunday,4,0.75,3.94,,960,0,0.0,0,0,8.0,0.890604167
740,2/12/2015,Q2,A,Thursday,4,0.7,30.1,419.0,7080,0,0.0,0,1,59.0,0.637711864
727,2/11/2015,Q2,B,Wednesday,9,0.8,3.94,,960,0,0.0,0,0,8.0,0.54175
855,2/19/2015,Q3,A,Thursday,8,0.7,29.4,1116.0,6240,0,0.0,0,2,57.0,0.7
663,2/8/2015,Q2,B,Sunday,8,0.7,4.15,,1800,0,0.0,0,0,15.0,0.840888889
377,1/22/2015,Q4,A,Thursday,1,0.7,22.94,1384.0,12180,63,0.0,0,0,57.0,0.750162367
402,1/24/2015,Q4,A,Saturday,1,0.7,22.94,1472.0,10260,75,0.0,0,0,57.0,0.800643806
1147,3/9/2015,Q2,A,Monday,7,0.5,30.48,1161.0,6600,0,0.0,0,1,55.0,0.500610909
316,1/18/2015,Q3,A,Sunday,1,0.8,49.1,1381.0,10350,24,0.0,0,0,57.5,0.403242161
590,2/3/2015,Q1,B,Tuesday,12,0.8,4.08,,1080,0,0.0,0,0,9.0,0.778222222
1008,3/2/2015,Q1,A,Monday,1,0.65,26.66,1527.0,6840,65,0.0,0,0,57.0,0.800579532
927,2/25/2015,Q4,A,Wednesday,4,0.8,30.1,323.0,4080,50,0.0,0,1,59.0,0.800808642
636,2/7/2015,Q1,B,Saturday,2,0.8,3.94,,3000,0,0.0,0,0,25.0,1.050666667
1096,3/7/2015,Q1,A,Saturday,9,0.75,18.79,1226.0,3480,45,0.0,0,0,51.0,0.749987124
988,3/1/2015,Q1,A,Sunday,8,0.75,29.4,622.0,6240,56,0.0,0,0,57.0,0.75075
238,1/14/2015,Q2,B,Wednesday,11,0.8,4.15,,1980,0,0.0,0,0,7.0,0.934607438
168,1/10/2015,Q2,A,Saturday,5,0.5,20.79,966.0,7680,0,0.0,0,0,56.0,0.388007813
240,1/14/2015,Q2,A,Wednesday,7,0.8,25.9,1150.0,10170,70,0.0,0,0,56.5,0.900144811
556,2/1/2015,Q1,A,Sunday,11,0.7,20.1,1192.0,6120,75,0.0,0,0,54.0,0.700508929
82,1/5/2015,Q1,A,Monday,5,0.6,21.98,666.0,6960,23,0.0,0,0,58.0,0.600028736
617,2/4/2015,Q1,A,Wednesday,4,0.35,30.1,287.0,6060,23,150.0,15,0,55.5,0.350706422
319,1/19/2015,Q3,B,Monday,9,0.8,3.94,,1800,0,0.0,0,0,10.0,0.964106061
236,1/13/2015,Q2,A,Tuesday,4,0.5,22.4,783.0,10170,23,0.0,0,0,56.5,0.500380799
629,2/5/2015,Q1,B,Thursday,10,0.8,3.94,,960,0,0.0,0,0,8.0,0.771583333
655,2/8/2015,Q2,A,Sunday,2,0.8,22.52,1233.0,6900,113,0.0,0,0,57.5,1.000018551
742,2/12/2015,Q2,B,Thursday,5,0.7,4.15,,240,0,0.0,0,0,2.0,0.58
496,1/28/2015,Q4,A,Wednesday,7,0.6,23.54,958.0,6600,0,0.0,0,0,55.0,0.285333333
479,1/28/2015,Q4,B,Wednesday,6,0.35,2.9,,1800,0,0.0,0,0,15.0,0.977555556
976,2/28/2015,Q4,B,Saturday,12,0.8,4.6,,3780,0,0.0,0,0,9.0,0.590617284
1166,3/10/2015,Q2,A,Tuesday,6,0.7,23.41,1180.0,4560,30,0.0,0,1,38.0,0.700246491
345,1/20/2015,Q3,B,Tuesday,9,0.8,3.94,,1800,0,0.0,0,0,10.0,0.72830303
953,2/26/2015,Q4,A,Thursday,10,0.7,21.82,1591.0,3240,0,0.0,0,1,52.0,0.700251773
574,2/2/2015,Q1,B,Monday,8,0.65,4.15,,960,0,0.0,0,0,8.0,0.561979167
759,2/14/2015,Q2,A,Saturday,8,0.7,30.1,824.0,5160,0,0.0,0,1,60.0,0.700206125
150,1/10/2015,Q2,B,Saturday,4,0.8,3.94,,6000,0,0.0,0,0,20.0,0.911589744
1087,3/7/2015,Q1,B,Saturday,12,0.8,4.6,,1080,0,0.0,0,0,9.0,0.868888889
332,1/19/2015,Q3,A,Monday,7,0.8,48.84,1040.0,10260,30,0.0,0,0,57.0,0.576460393
222,1/13/2015,Q2,A,Tuesday,9,0.8,26.16,1156.0,10620,75,0.0,0,0,59.0,0.850502311
182,1/11/2015,Q2,A,Sunday,2,0.8,28.08,805.0,10530,63,0.0,0,0,58.5,0.8
396,1/24/2015,Q4,A,Saturday,2,0.75,22.94,1606.0,10260,94,0.0,0,0,57.0,0.90064806
1016,3/2/2015,Q1,A,Monday,8,0.75,29.4,551.0,6840,45,0.0,0,0,57.0,0.750473684
228,1/13/2015,Q2,A,Tuesday,12,0.8,11.61,1063.0,5670,50,0.0,0,0,31.5,0.800246753
659,2/8/2015,Q2,A,Sunday,3,0.8,22.52,1283.0,6720,88,0.0,0,0,56.0,0.900129762
186,1/11/2015,Q2,B,Sunday,8,0.8,2.9,,1440,0,0.0,0,0,8.0,0.653598485
40,1/4/2015,Q1,B,Sunday,3,0.75,4.15,,1560,0,0.0,0,0,8.0,0.991388889
220,1/13/2015,Q2,B,Tuesday,9,0.8,3.94,,1440,0,0.0,0,0,8.0,0.858143939
361,1/21/2015,Q3,A,Wednesday,5,0.7,20.4,1404.0,10440,50,0.0,0,0,58.0,0.750344828
847,2/19/2015,Q3,A,Thursday,4,0.8,30.1,859.0,7020,63,0.0,0,1,58.5,0.800094017
310,1/18/2015,Q3,A,Sunday,3,0.65,22.52,1138.0,10170,35,0.0,0,0,56.5,0.650416734
955,2/26/2015,Q4,B,Thursday,12,0.8,4.6,,3780,0,0.0,0,0,9.0,0.590617284
922,2/25/2015,Q4,A,Wednesday,9,0.75,18.79,1085.0,6240,56,0.0,0,1,52.0,0.970816667
1098,3/7/2015,Q1,B,Saturday,1,0.7,3.94,,960,0,0.0,0,0,8.0,0.664875
1019,3/2/2015,Q1,A,Monday,5,0.65,27.48,544.0,6720,34,0.0,0,0,56.0,0.700903571
126,1/8/2015,Q2,B,Thursday,1,0.8,3.94,,1440,0,0.0,0,0,8.0,0.947689394
575,2/2/2015,Q1,B,Monday,1,0.75,3.94,,2280,0,0.0,0,0,19.0,0.504596491
844,2/19/2015,Q3,B,Thursday,3,0.5,5.13,,2880,0,0.0,0,0,12.0,0.81640625
752,2/14/2015,Q2,B,Saturday,12,0.8,4.08,,1080,0,0.0,0,0,9.0,0.800888889
69,1/5/2015,Q1,A,Monday,8,0.8,25.9,1047.0,6780,38,0.0,0,0,56.5,0.800684366
92,1/6/2015,Q1,A,Tuesday,2,0.8,28.08,716.0,10350,50,0.0,0,0,57.5,0.800594466
96,1/6/2015,Q1,A,Tuesday,7,0.8,25.9,1035.0,10170,38,0.0,0,0,56.5,0.800128721
758,2/14/2015,Q2,B,Saturday,8,0.7,4.15,,960,0,0.0,0,0,8.0,0.725625
714,2/11/2015,Q2,A,Wednesday,1,0.8,22.52,1498.0,0,113,0.0,0,0,57.0,1.000065789
1070,3/5/2015,Q1,B,Thursday,11,0.8,2.9,,1200,0,0.0,0,0,10.0,0.927291667
13,1/1/2015,Q1,B,Thursday,10,0.65,3.94,,960,0,0.0,0,0,8.0,0.705916667
684,2/9/2015,Q2,A,Monday,11,0.75,10.05,103.0,0,45,0.0,0,0,54.0,0.750648148
440,1/26/2015,Q4,B,Monday,5,0.7,4.15,,2700,0,0.0,0,0,15.0,0.959191919
957,2/26/2015,Q4,A,Thursday,4,0.8,30.1,437.0,7080,32,0.0,0,2,59.0,0.495617514
1118,3/8/2015,Q2,B,Sunday,11,0.8,2.9,,960,0,0.0,0,0,8.0,0.755208333
103,1/6/2015,Q1,B,Tuesday,7,0.8,2.9,,1440,0,0.0,0,0,8.0,0.61625
937,2/25/2015,Q4,B,Wednesday,8,0.7,4.6,,960,0,0.0,0,0,8.0,0.658541667
8,1/1/2015,Q1,A,Thursday,2,0.75,19.87,733.0,6000,34,0.0,0,0,55.0,0.753097531
996,3/1/2015,Q1,A,Sunday,11,0.8,11.61,347.0,0,50,4.0,20,0,57.0,0.682433036
404,1/24/2015,Q4,A,Saturday,6,0.8,11.61,1009.0,5640,63,0.0,0,0,32.0,0.800537143
794,2/16/2015,Q3,A,Monday,4,0.75,30.1,912.0,7020,0,0.0,0,1,58.0,0.750356125
71,1/5/2015,Q1,A,Monday,11,0.8,19.31,678.0,4800,50,0.0,0,0,55.0,0.800250962
287,1/17/2015,Q3,A,Saturday,1,0.8,48.68,171.0,10620,63,0.0,0,0,59.0,0.800117103
864,2/22/2015,Q4,B,Sunday,3,0.5,5.13,,1800,0,0.0,0,0,15.0,0.8721
362,1/21/2015,Q3,A,Wednesday,3,0.7,22.52,1139.0,10260,63,0.0,0,0,57.0,0.750068049
593,2/3/2015,Q1,A,Tuesday,6,0.7,18.79,913.0,4020,30,0.0,0,0,33.5,0.700184577
221,1/13/2015,Q2,A,Tuesday,1,0.8,26.16,1073.0,10620,75,0.0,0,0,59.0,0.850502311
30,1/3/2015,Q1,A,Saturday,6,0.8,25.9,1152.0,6720,50,0.0,0,0,56.0,0.800125
980,2/28/2015,Q4,A,Saturday,4,0.5,26.66,556.0,6960,23,0.0,0,2,58.0,0.500258046
60,1/4/2015,Q1,B,Sunday,11,0.75,4.15,,960,0,0.0,0,0,8.0,0.345833333
782,2/15/2015,Q3,A,Sunday,2,0.8,22.52,12.0,6900,0,0.0,0,0,57.5,0.432122899
453,1/26/2015,Q4,B,Monday,7,0.65,3.94,,1440,0,0.0,0,0,8.0,0.646306818
1073,3/5/2015,Q1,B,Thursday,4,0.7,3.94,,960,0,0.0,0,0,8.0,0.812625
274,1/15/2015,Q3,B,Thursday,8,0.8,2.9,,1440,0,0.0,0,0,8.0,0.606912879
190,1/11/2015,Q2,B,Sunday,7,0.8,2.9,,1440,0,0.0,0,0,8.0,0.590435606
791,2/16/2015,Q3,A,Monday,12,0.8,15.26,1079.0,3720,38,0.0,0,0,34.0,0.800312375
174,1/11/2015,Q2,B,Sunday,9,0.8,3.94,,1440,0,0.0,0,0,8.0,0.858143939
2,1/1/2015,Q1,A,Thursday,11,0.8,11.41,968.0,3660,50,0.0,0,0,30.5,0.800570492
1107,3/8/2015,Q2,B,Sunday,12,0.8,4.6,,1080,0,0.0,0,0,9.0,0.945555556
567,2/2/2015,Q1,B,Monday,4,0.8,4.3,,1440,0,0.0,0,0,12.0,0.809236111
641,2/7/2015,Q1,B,Saturday,12,0.8,4.08,,1080,0,0.0,0,0,9.0,0.899111111
406,1/24/2015,Q4,A,Saturday,12,0.75,15.26,1316.0,6120,40,0.0,0,0,34.0,0.750079323
455,1/26/2015,Q4,A,Monday,11,0.35,28.08,749.0,10260,23,0.0,0,0,57.0,0.350066986
867,2/22/2015,Q4,B,Sunday,11,0.6,2.9,,2880,0,0.0,0,0,12.0,0.805555556
337,1/20/2015,Q3,B,Tuesday,5,0.7,4.15,,1440,0,0.0,0,0,8.0,1.033570076
