ID,Name,Type 1,Type 2,HP,Attack,Defense,Sp. Atk,Sp. Def,Speed,Generation,Legendary,WinningPercentage
1,Bulbasaur,Grass,Poison,45,49,49,65,65,45,1,False,27.819548872180448
2,Ivysaur,Grass,Poison,60,62,63,80,80,60,1,False,38.01652892561984
3,Venusaur,Grass,Poison,80,82,83,100,100,80,1,False,67.42424242424242
4,Mega Venusaur,Grass,Poison,80,100,123,122,120,80,1,False,56.00000000000001
5,Charmander,Fire,,39,52,43,60,50,65,1,False,49.107142857142854
6,Charmeleon,Fire,,58,64,58,80,65,80,1,False,54.23728813559322
7,Charizard,Fire,Flying,78,84,78,109,85,100,1,False,86.46616541353383
8,Mega Charizard X,Fire,Dragon,78,130,111,130,85,100,1,False,85.61151079136691
9,Mega Charizard Y,Fire,Flying,78,104,78,159,115,100,1,False,84.44444444444444
10,Squirtle,Water,,44,48,65,50,64,43,1,False,16.23931623931624
11,Wartortle,Water,,59,63,80,65,80,58,1,False,41.843971631205676
13,Mega Blastoise,Water,,79,103,120,135,115,78,1,False,57.638888888888886
14,Caterpie,Bug,,45,30,35,20,20,45,1,False,14.782608695652174
15,Metapod,Bug,,50,20,55,25,25,30,1,False,9.774436090225564
16,Butterfree,Bug,Flying,60,45,50,90,80,70,1,False,62.5
17,Weedle,Bug,Poison,40,35,30,20,20,50,1,False,23.423423423423422
18,Kakuna,Bug,Poison,45,25,50,25,25,35,1,False,13.076923076923078
19,Beedrill,Bug,Poison,65,90,40,45,80,75,1,False,62.5
20,Mega Beedrill,Bug,Poison,65,150,40,15,80,145,1,False,96.63865546218487
21,Pidgey,Normal,Flying,40,45,40,35,35,56,1,False,37.301587301587304
22,Pidgeotto,Normal,Flying,63,60,55,50,50,71,1,False,52.892561983471076
23,Pidgeot,Normal,Flying,83,80,75,70,70,101,1,False,86.15384615384616
24,Mega Pidgeot,Normal,Flying,83,80,80,135,80,121,1,False,94.44444444444444
25,Rattata,Normal,,30,56,35,25,35,72,1,False,48.148148148148145
26,Raticate,Normal,,55,81,60,50,70,97,1,False,72.14285714285714
27,Spearow,Normal,Flying,40,60,30,31,31,70,1,False,44.927536231884055
28,Fearow,Normal,Flying,65,90,65,61,61,100,1,False,83.73983739837398
29,Ekans,Poison,,35,60,44,40,54,55,1,False,36.6412213740458
30,Arbok,Poison,,60,85,69,65,79,80,1,False,57.599999999999994
31,Pikachu,Electric,,35,55,40,50,50,90,1,False,68.38235294117648
32,Raichu,Electric,,60,90,55,90,80,110,1,False,86.77685950413223
34,Sandslash,Ground,,75,100,110,45,55,65,1,False,53.333333333333336
35,Nidoran♀,Poison,,55,47,52,40,40,41,1,False,16.80672268907563
36,Nidorina,Poison,,70,62,67,55,55,56,1,False,38.513513513513516
37,Nidoqueen,Poison,Ground,90,92,87,75,85,76,1,False,54.09836065573771
38,Nidoran♂,Poison,,46,57,40,40,40,50,1,False,25.0
39,Nidorino,Poison,,61,72,57,55,55,65,1,False,39.84375
40,Nidoking,Poison,Ground,81,102,77,85,75,85,1,False,56.42857142857143
41,Clefairy,Fairy,,70,45,48,60,65,35,1,False,15.748031496062993
42,Clefable,Fairy,,95,70,73,95,90,60,1,False,39.83739837398374
43,Vulpix,Fire,,38,41,40,50,65,65,1,False,41.08527131782946
44,Ninetales,Fire,,73,76,75,81,100,100,1,False,81.10236220472441
45,Jigglypuff,Normal,Fairy,115,45,20,45,25,20,1,False,11.538461538461538
47,Zubat,Poison,Flying,40,45,35,30,40,55,1,False,37.93103448275862
48,Golbat,Poison,Flying,75,80,70,65,75,90,1,False,75.78125
49,Oddish,Grass,Poison,45,50,55,75,65,30,1,False,6.293706293706294
50,Gloom,Grass,Poison,60,65,70,85,75,40,1,False,21.705426356589147
51,Vileplume,Grass,Poison,75,80,85,110,90,50,1,False,35.483870967741936
52,Paras,Bug,Grass,35,70,55,45,55,25,1,False,9.420289855072465
53,Parasect,Bug,Grass,60,95,80,60,80,30,1,False,19.480519480519483
54,Venonat,Bug,Poison,60,55,50,40,55,45,1,False,22.377622377622377
55,Venomoth,Bug,Poison,70,65,60,90,75,90,1,False,65.71428571428571
56,Diglett,Ground,,10,55,25,35,45,95,1,False,53.96825396825397
57,Dugtrio,Ground,,35,80,50,50,70,120,1,False,84.375
58,Meowth,Normal,,40,45,35,40,40,90,1,False,65.0
59,Persian,Normal,,65,70,60,65,65,115,1,False,85.83333333333333
60,Psyduck,Water,,50,52,48,65,50,55,1,False,33.098591549295776
61,Golduck,Water,,80,82,78,95,80,85,1,False,68.69565217391305
62,Mankey,Fighting,,40,80,35,35,45,70,1,False,46.61016949152542
63,,Fighting,,65,105,60,60,70,95,1,False,78.70370370370371
64,Growlithe,Fire,,55,70,45,70,50,60,1,False,45.0
65,Arcanine,Fire,,90,110,80,100,80,95,1,False,79.82456140350878
67,Poliwhirl,Water,,65,65,65,50,50,90,1,False,72.0
68,Poliwrath,Water,Fighting,90,95,95,70,90,70,1,False,52.307692307692314
69,Abra,Psychic,,25,20,15,105,55,90,1,False,32.407407407407405
70,Kadabra,Psychic,,40,35,30,120,70,105,1,False,66.92307692307692
71,Alakazam,Psychic,,55,50,45,135,95,120,1,False,77.14285714285715
72,Mega Alakazam,Psychic,,55,50,65,175,95,150,1,False,78.18181818181819
73,Machop,Fighting,,70,80,50,35,35,35,1,False,14.000000000000002
74,Machoke,Fighting,,80,100,70,50,60,45,1,False,25.806451612903224
75,Machamp,Fighting,,90,130,80,65,85,55,1,False,43.96551724137931
76,Bellsprout,Grass,Poison,50,75,35,70,30,40,1,False,21.296296296296298
77,Weepinbell,Grass,Poison,65,90,50,85,45,55,1,False,37.1900826446281
79,Tentacool,Water,Poison,40,40,35,50,100,70,1,False,50.318471337579616
80,Tentacruel,Water,Poison,80,70,65,80,120,100,1,False,80.34188034188034
81,Geodude,Rock,Ground,40,80,100,30,30,20,1,False,11.851851851851853
82,Graveler,Rock,Ground,55,95,115,45,45,35,1,False,21.16788321167883
83,Golem,Rock,Ground,80,120,130,55,65,45,1,False,37.03703703703704
84,Ponyta,Fire,,50,85,55,65,65,90,1,False,74.78260869565217
85,Rapidash,Fire,,65,100,70,80,80,105,1,False,86.66666666666667
86,Slowpoke,Water,Psychic,90,65,65,40,40,15,1,False,19.672131147540984
87,Slowbro,Water,Psychic,95,75,110,100,80,30,1,False,15.267175572519085
88,Mega Slowbro,Water,Psychic,95,75,180,130,80,30,1,False,13.793103448275861
89,Magnemite,Electric,Steel,25,35,70,95,55,45,1,False,16.783216783216783
91,Farfetch'd,Normal,Flying,52,65,55,58,62,60,1,False,44.827586206896555
92,Doduo,Normal,Flying,35,85,45,35,35,75,1,False,64.92537313432835
93,Dodrio,Normal,Flying,60,110,70,60,60,100,1,False,84.61538461538461
94,Seel,Water,,65,45,55,45,70,45,1,False,24.369747899159663
95,Dewgong,Water,Ice,90,70,80,70,95,70,1,False,51.908396946564885
96,Grimer,Poison,,80,80,50,40,50,25,1,False,17.6056338028169
97,Muk,Poison,,105,105,75,65,100,50,1,False,37.59398496240601
98,Shellder,Water,,30,65,100,45,25,40,1,False,18.91891891891892
99,Cloyster,Water,Ice,50,95,180,85,45,70,1,False,52.98507462686567
100,Gastly,Ghost,Poison,30,35,30,100,35,80,1,False,47.65625
101,Haunter,Ghost,Poison,45,50,45,115,55,95,1,False,69.36936936936937
102,Gengar,Ghost,Poison,60,65,60,130,75,110,1,False,77.19298245614034
103,Mega Gengar,Ghost,Poison,60,65,80,170,95,130,1,False,86.25954198473282
104,Onix,Rock,Ground,35,45,160,30,45,70,1,False,48.148148148148145
105,Drowzee,Psychic,,60,48,45,43,90,42,1,False,21.897810218978105
106,Hypno,Psychic,,85,73,70,73,115,67,1,False,51.26050420168067
107,Krabby,Water,,30,105,90,25,25,50,1,False,27.73722627737226
108,Kingler,Water,,55,130,115,50,50,75,1,False,59.82142857142857
109,Voltorb,Electric,,40,30,50,55,55,100,1,False,58.4070796460177
110,Electrode,Electric,,60,50,70,80,80,140,1,False,84.49612403100775
111,Exeggcute,Grass,Psychic,60,40,80,60,45,40,1,False,23.52941176470588
112,Exeggutor,Grass,Psychic,95,95,85,125,65,55,1,False,38.94736842105263
113,Cubone,Ground,,50,50,95,40,50,35,1,False,20.27972027972028
114,Marowak,Ground,,60,80,110,50,80,45,1,False,28.333333333333332
115,Hitmonlee,Fighting,,50,120,53,35,110,87,1,False,64.0625
116,Hitmonchan,Fighting,,50,105,79,35,110,76,1,False,62.142857142857146
117,Lickitung,Normal,,90,55,75,60,75,30,1,False,13.970588235294118
118,Koffing,Poison,,40,65,95,60,45,35,1,False,13.986013986013987
119,Weezing,Poison,,65,90,120,85,70,60,1,False,43.41085271317829
120,Rhyhorn,Ground,Rock,80,85,95,30,30,25,1,False,28.57142857142857
121,Rhydon,Ground,Rock,105,130,120,45,45,40,1,False,44.44444444444444
122,Chansey,Normal,,250,5,5,35,105,50,1,False,15.306122448979592
123,Tangela,Grass,,65,55,115,100,40,60,1,False,37.98449612403101
124,Kangaskhan,Normal,,105,95,80,40,80,90,1,False,75.39682539682539
125,Mega Kangaskhan,Normal,,105,125,100,60,100,100,1,False,83.59375
126,Horsea,Water,,30,40,70,70,25,60,1,False,41.35338345864661
127,Seadra,Water,,55,65,95,95,45,85,1,False,66.10169491525424
128,Goldeen,Water,,45,67,60,35,50,63,1,False,51.28205128205128
129,Seaking,Water,,80,92,65,65,80,68,1,False,48.24561403508772
130,Staryu,Water,,30,45,55,70,55,85,1,False,56.33802816901409
131,Starmie,Water,Psychic,60,75,85,100,85,115,1,False,89.92248062015504
132,Mr. Mime,Psychic,Fairy,40,45,65,100,120,90,1,False,55.88235294117647
133,Scyther,Bug,Flying,70,110,80,55,80,105,1,False,87.94326241134752
134,Jynx,Ice,Psychic,65,50,35,115,95,95,1,False,73.33333333333333
135,Electabuzz,Electric,,65,83,57,95,85,105,1,False,89.14728682170544
136,Magmar,Fire,,65,95,57,100,85,93,1,False,74.4186046511628
137,Pinsir,Bug,,65,125,100,55,70,85,1,False,65.32258064516128
138,Mega Pinsir,Bug,Flying,65,155,120,65,90,105,1,False,86.77685950413223
139,Tauros,Normal,,75,100,95,40,70,110,1,False,87.17948717948718
140,Magikarp,Water,,20,10,55,15,20,80,1,False,17.985611510791365
141,Gyarados,Water,Flying,95,125,79,60,100,81,1,False,61.65413533834586
142,Mega Gyarados,Water,Dark,95,155,109,70,130,81,1,False,67.88321167883211
143,Lapras,Water,Ice,130,85,80,85,95,60,1,False,43.884892086330936
145,Eevee,Normal,,55,55,50,45,65,55,1,False,37.37373737373738
146,Vaporeon,Water,,130,65,60,110,95,65,1,False,52.27272727272727
147,Jolteon,Electric,,65,65,60,110,95,130,1,False,92.53731343283582
148,Flareon,Fire,,65,130,60,95,110,65,1,False,53.03030303030303
149,Porygon,Normal,,65,60,70,85,75,40,1,False,17.96875
150,Omanyte,Rock,Water,35,40,100,90,55,35,1,False,17.96875
151,Omastar,Rock,Water,70,60,125,115,70,55,1,False,35.507246376811594
152,Kabuto,Rock,Water,30,80,90,55,45,55,1,False,42.95774647887324
153,Kabutops,Rock,Water,60,115,105,65,70,80,1,False,71.81818181818181
154,Aerodactyl,Rock,Flying,80,105,65,60,75,130,1,False,96.45390070921985
155,Mega Aerodactyl,Rock,Flying,80,135,85,70,95,150,1,False,98.44961240310077
156,Snorlax,Normal,,160,110,65,65,110,30,1,False,35.714285714285715
157,Articuno,Ice,Flying,90,85,100,95,125,85,1,True,68.34532374100719
158,Zapdos,Electric,Flying,90,90,85,125,90,100,1,True,76.85950413223141
159,Moltres,Fire,Flying,90,100,90,125,85,90,1,True,73.52941176470588
160,Dratini,Dragon,,41,64,45,50,50,50,1,False,36.75213675213676
161,Dragonair,Dragon,,61,84,65,70,70,70,1,False,50.0
162,Dragonite,Dragon,Flying,91,134,95,100,100,80,1,False,63.04347826086957
163,Mewtwo,Psychic,,106,110,90,154,90,130,1,True,92.6829268292683
164,Mega Mewtwo X,Psychic,Fighting,106,190,100,154,100,130,1,True,92.5925925925926
165,Mega Mewtwo Y,Psychic,,106,150,70,194,120,140,1,True,95.19999999999999
166,Mew,Psychic,,100,100,100,100,100,100,1,False,83.1858407079646
167,Chikorita,Grass,,45,49,65,49,65,45,2,False,27.500000000000004
168,Bayleef,Grass,,60,62,80,63,80,60,2,False,43.36283185840708
169,Meganium,Grass,,80,82,100,83,100,80,2,False,68.21705426356588
170,Cyndaquil,Fire,,39,52,43,60,50,65,2,False,50.413223140495866
171,Quilava,Fire,,58,64,58,80,65,80,2,False,60.9271523178808
172,Typhlosion,Fire,,78,84,78,109,85,100,2,False,86.20689655172413
173,Totodile,Water,,50,65,64,44,48,43,2,False,21.96969696969697
174,Croconaw,Water,,65,80,80,59,63,58,2,False,44.11764705882353
175,Feraligatr,Water,,85,105,100,79,83,78,2,False,58.69565217391305
176,Sentret,Normal,,35,46,34,35,45,20,2,False,7.199999999999999
177,Furret,Normal,,85,76,64,45,55,90,2,False,67.3913043478261
178,Hoothoot,Normal,Flying,60,30,30,36,56,50,2,False,32.432432432432435
179,Noctowl,Normal,Flying,100,50,50,76,96,70,2,False,50.0
180,Ledyba,Bug,Flying,40,20,30,40,80,55,2,False,22.76422764227642
181,Ledian,Bug,Flying,55,35,50,55,110,85,2,False,62.77372262773723
182,Spinarak,Bug,Poison,40,60,40,40,40,30,2,False,9.48905109489051
184,Crobat,Poison,Flying,85,90,80,70,80,130,2,False,92.62295081967213
185,Chinchou,Water,Electric,75,38,38,56,56,67,2,False,52.63157894736842
186,Lanturn,Water,Electric,125,58,58,76,76,67,2,False,51.5625
187,Pichu,Electric,,20,40,15,35,35,60,2,False,34.285714285714285
188,Cleffa,Fairy,,50,25,28,45,55,15,2,False,6.25
189,Igglybuff,Normal,Fairy,90,30,15,40,20,15,2,False,4.3478260869565215
191,Togetic,Fairy,Flying,55,40,85,80,105,40,2,False,23.62204724409449
192,Natu,Psychic,Flying,40,50,45,70,45,70,2,False,55.172413793103445
193,Xatu,Psychic,Flying,65,75,70,95,70,95,2,False,72.72727272727273
194,Mareep,Electric,,55,40,40,65,45,35,2,False,16.428571428571427
195,Flaaffy,Electric,,70,55,55,80,60,45,2,False,22.22222222222222
196,Ampharos,Electric,,90,75,85,115,90,55,2,False,34.45378151260504
197,Mega Ampharos,Electric,Dragon,90,95,105,165,110,45,2,False,28.90625
198,Bellossom,Grass,,75,80,95,90,100,50,2,False,21.58273381294964
199,Marill,Water,Fairy,70,20,50,20,50,40,2,False,15.573770491803279
200,Azumarill,Water,Fairy,100,50,80,60,80,50,2,False,34.375
201,Sudowoodo,Rock,,70,100,115,30,65,30,2,False,24.390243902439025
202,Politoed,Water,,90,75,75,90,100,70,2,False,54.621848739495796
203,Hoppip,Grass,Flying,35,35,40,35,55,50,2,False,40.33613445378151
204,Skiploom,Grass,Flying,55,45,50,45,65,80,2,False,55.46218487394958
205,Jumpluff,Grass,Flying,75,55,70,55,95,110,2,False,84.44444444444444
206,Aipom,Normal,,55,70,55,40,55,85,2,False,70.73170731707317
207,Sunkern,Grass,,30,30,30,30,30,30,2,False,12.612612612612612
208,Sunflora,Grass,,75,75,55,105,85,30,2,False,16.19718309859155
209,Yanma,Bug,Flying,65,65,45,75,45,95,2,False,72.0
210,Wooper,Water,Ground,55,45,45,25,25,15,2,False,4.8
211,Quagsire,Water,Ground,95,85,85,65,65,35,2,False,25.71428571428571
212,Espeon,Psychic,,65,65,60,130,95,110,2,False,82.3943661971831
213,Umbreon,Dark,,95,65,110,60,130,65,2,False,52.75590551181102
214,Murkrow,Dark,Flying,60,85,42,85,42,91,2,False,82.27848101265823
215,Slowking,Water,Psychic,95,75,80,100,110,30,2,False,24.242424242424242
216,Misdreavus,Ghost,,60,60,60,85,85,85,2,False,63.1578947368421
217,Unown,Psychic,,48,72,48,72,48,48,2,False,25.984251968503933
218,Wobbuffet,Psychic,,190,33,58,33,58,33,2,False,13.432835820895523
219,Girafarig,Normal,Psychic,70,80,65,90,65,85,2,False,57.8125
220,Pineco,Bug,,50,65,90,35,35,15,2,False,14.678899082568808
221,Forretress,Bug,Steel,75,90,140,60,60,40,2,False,30.081300813008134
222,Dunsparce,Normal,,100,70,70,65,65,45,2,False,18.97810218978102
223,Gligar,Ground,Flying,65,75,105,35,65,85,2,False,69.40298507462687
224,Steelix,Steel,Ground,75,85,200,55,65,30,2,False,16.778523489932887
225,Mega Steelix,Steel,Ground,75,125,230,55,95,30,2,False,34.48275862068966
226,Snubbull,Fairy,,60,80,50,40,40,30,2,False,15.328467153284672
227,Granbull,Fairy,,90,120,75,60,60,45,2,False,29.411764705882355
228,Qwilfish,Water,Poison,65,95,75,55,55,85,2,False,69.33333333333334
229,Scizor,Bug,Steel,70,130,100,55,80,65,2,False,60.8
230,Mega Scizor,Bug,Steel,70,150,140,65,100,75,2,False,55.00000000000001
232,Heracross,Bug,Fighting,80,125,75,40,95,85,2,False,69.11764705882352
233,Mega Heracross,Bug,Fighting,80,185,115,40,105,75,2,False,62.30769230769231
234,Sneasel,Dark,Ice,55,95,55,35,75,115,2,False,93.80530973451327
235,Teddiursa,Normal,,60,80,50,50,50,40,2,False,23.853211009174313
237,Slugma,Fire,,40,40,40,70,40,20,2,False,3.2520325203252036
238,Magcargo,Fire,Rock,50,50,120,80,80,30,2,False,7.258064516129033
239,Swinub,Ice,Ground,50,50,40,30,30,50,2,False,27.819548872180448
240,Piloswine,Ice,Ground,100,100,80,60,60,50,2,False,30.508474576271187
241,Corsola,Water,Rock,55,55,85,65,85,35,2,False,20.14388489208633
242,Remoraid,Water,,35,65,35,65,35,65,2,False,46.62162162162162
243,Octillery,Water,,75,105,75,105,75,45,2,False,32.743362831858406
244,Delibird,Ice,Flying,45,55,45,65,45,75,2,False,56.92307692307692
245,Mantine,Water,Flying,65,40,70,80,140,70,2,False,59.541984732824424
246,Skarmory,Steel,Flying,65,80,140,40,70,70,2,False,52.23880597014925
247,Houndour,Dark,Fire,45,60,30,80,50,65,2,False,46.03174603174603
248,Houndoom,Dark,Fire,75,90,50,110,80,95,2,False,79.85611510791367
249,Mega Houndoom,Dark,Fire,75,90,90,140,90,115,2,False,94.81481481481482
250,Kingdra,Water,Dragon,75,95,95,95,95,85,2,False,64.70588235294117
251,Phanpy,Ground,,90,60,60,40,40,40,2,False,29.545454545454547
252,Donphan,Ground,,90,120,120,60,60,50,2,False,35.294117647058826
253,Porygon2,Normal,,85,80,90,105,95,60,2,False,49.074074074074076
254,Stantler,Normal,,73,95,62,85,65,85,2,False,66.66666666666666
255,Smeargle,Normal,,55,20,35,20,45,75,2,False,37.68115942028986
256,Tyrogue,Fighting,,35,35,35,35,35,35,2,False,13.385826771653544
257,Hitmontop,Fighting,,50,95,95,35,110,70,2,False,51.798561151079134
258,Smoochum,Ice,Psychic,45,30,15,85,65,65,2,False,36.22047244094488
259,Elekid,Electric,,45,63,37,65,55,95,2,False,80.55555555555556
260,Magby,Fire,,45,75,37,70,55,83,2,False,61.832061068702295
261,Miltank,Normal,,95,80,105,40,70,100,2,False,80.46875
262,Blissey,Normal,,255,10,10,75,135,55,2,False,31.25
263,Raikou,Electric,,90,85,75,115,100,115,2,True,93.81443298969072
264,Entei,Fire,,115,115,85,90,75,100,2,True,81.34328358208955
265,Suicune,Water,,100,75,115,90,115,85,2,True,64.46280991735537
266,Larvitar,Rock,Ground,50,64,50,45,50,41,2,False,22.727272727272727
267,Pupitar,Rock,Ground,70,84,70,65,70,51,2,False,29.496402877697843
268,Tyranitar,Rock,Dark,100,134,110,95,100,61,2,False,40.57971014492754
269,Mega Tyranitar,Rock,Dark,100,164,150,95,120,71,2,False,56.451612903225815
270,Lugia,Psychic,Flying,106,90,130,90,154,110,2,True,86.99186991869918
271,Ho-oh,Fire,Flying,106,130,90,110,154,90,2,True,71.96261682242991
272,Celebi,Psychic,Grass,100,100,100,100,100,100,2,False,83.45864661654136
273,Treecko,Grass,,40,45,35,65,55,70,3,False,44.827586206896555
274,Grovyle,Grass,,50,65,45,85,65,95,3,False,72.38095238095238
275,Sceptile,Grass,,70,85,65,105,85,120,3,False,92.62295081967213
276,Mega Sceptile,Grass,Dragon,70,110,75,145,85,145,3,False,94.44444444444444
277,Torchic,Fire,,45,60,40,70,50,45,3,False,28.467153284671532
278,Combusken,Fire,Fighting,60,85,60,85,60,55,3,False,36.734693877551024
279,Blaziken,Fire,Fighting,80,120,70,110,70,80,3,False,64.22764227642277
280,Mega Blaziken,Fire,Fighting,80,160,80,130,80,100,3,False,84.5528455284553
281,Mudkip,Water,,50,70,50,50,50,40,3,False,16.296296296296298
282,Marshtomp,Water,Ground,70,85,70,60,70,50,3,False,28.37837837837838
283,Swampert,Water,Ground,100,110,90,85,90,60,3,False,47.794117647058826
284,Mega Swampert,Water,Ground,100,150,110,95,110,70,3,False,59.23076923076923
285,Poochyena,Dark,,35,55,35,30,30,35,3,False,23.684210526315788
286,Mightyena,Dark,,70,90,70,60,60,70,3,False,63.90977443609023
287,Zigzagoon,Normal,,38,30,41,30,41,60,3,False,28.971962616822427
288,Linoone,Normal,,78,70,61,50,61,100,3,False,81.45161290322581
289,Wurmple,Bug,,45,45,35,20,30,20,3,False,7.246376811594203
291,Beautifly,Bug,Flying,60,70,50,100,50,65,3,False,52.17391304347826
292,Cascoon,Bug,,50,35,55,25,25,15,3,False,5.263157894736842
293,Dustox,Bug,Poison,60,50,70,50,90,65,3,False,39.568345323741006
294,Lotad,Water,Grass,40,30,30,40,50,30,3,False,7.936507936507936
295,Lombre,Water,Grass,60,50,50,60,70,50,3,False,28.346456692913385
296,Ludicolo,Water,Grass,80,70,70,90,100,70,3,False,56.09756097560976
297,Seedot,Grass,,40,40,50,30,30,30,3,False,8.73015873015873
298,Nuzleaf,Grass,Dark,70,70,40,60,40,60,3,False,42.47787610619469
299,Shiftry,Grass,Dark,90,100,60,90,60,80,3,False,64.22764227642277
300,Taillow,Normal,Flying,40,55,30,30,30,85,3,False,68.8
301,Swellow,Normal,Flying,60,85,60,50,50,125,3,False,90.9090909090909
302,Wingull,Water,Flying,40,30,30,55,30,85,3,False,46.666666666666664
303,Pelipper,Water,Flying,60,50,100,85,70,65,3,False,47.58064516129033
304,Ralts,Psychic,Fairy,28,25,25,45,35,40,3,False,16.083916083916083
305,Kirlia,Psychic,Fairy,38,35,35,65,55,50,3,False,26.47058823529412
306,Gardevoir,Psychic,Fairy,68,65,65,125,115,80,3,False,64.61538461538461
307,Mega Gardevoir,Psychic,Fairy,68,85,65,165,135,100,3,False,80.83333333333333
308,Surskit,Bug,Water,40,30,32,50,52,65,3,False,36.71875
309,Masquerain,Bug,Flying,70,60,62,80,82,60,3,False,43.75
310,Shroomish,Grass,,60,40,60,40,60,35,3,False,18.055555555555554
311,Breloom,Grass,Fighting,60,130,80,60,60,70,3,False,51.53846153846153
312,Slakoth,Normal,,60,60,60,35,35,30,3,False,11.194029850746269
313,Vigoroth,Normal,,80,80,80,55,55,90,3,False,64.17910447761194
314,Slaking,Normal,,150,160,100,95,65,100,3,False,88.66666666666667
315,Nincada,Bug,Ground,31,45,90,30,30,40,3,False,21.929824561403507
316,Ninjask,Bug,Flying,61,90,45,50,50,160,3,False,92.3076923076923
317,Shedinja,Bug,Ghost,1,90,45,30,30,40,3,False,33.064516129032256
318,Whismur,Normal,,64,51,23,51,23,28,3,False,11.363636363636363
319,Loudred,Normal,,84,71,43,71,43,48,3,False,25.874125874125873
320,Exploud,Normal,,104,91,63,91,73,68,3,False,51.181102362204726
321,Makuhita,Fighting,,72,60,30,20,30,25,3,False,11.570247933884298
323,Azurill,Normal,Fairy,50,20,40,20,40,20,3,False,9.62962962962963
324,Nosepass,Rock,,30,45,135,45,90,30,3,False,9.285714285714286
325,Skitty,Normal,,50,45,45,35,35,50,3,False,23.52941176470588
326,Delcatty,Normal,,70,65,65,55,55,70,3,False,50.0
327,Sableye,Dark,Ghost,50,75,75,65,65,50,3,False,40.49586776859504
328,Mega Sableye,Dark,Ghost,50,85,125,85,115,20,3,False,43.06569343065693
329,Mawile,Steel,Fairy,50,85,85,55,55,50,3,False,39.02439024390244
330,Mega Mawile,Steel,Fairy,50,105,125,55,95,50,3,False,37.5886524822695
331,Aron,Steel,Rock,50,70,100,40,40,30,3,False,22.22222222222222
332,Lairon,Steel,Rock,60,90,140,50,50,40,3,False,25.352112676056336
333,Aggron,Steel,Rock,70,110,180,60,60,50,3,False,41.17647058823529
334,Mega Aggron,Steel,,70,140,230,60,80,50,3,False,32.432432432432435
335,Meditite,Fighting,Psychic,30,40,55,40,55,60,3,False,32.37410071942446
336,Medicham,Fighting,Psychic,60,60,75,60,75,80,3,False,73.21428571428571
337,Mega Medicham,Fighting,Psychic,60,100,85,80,85,100,3,False,70.07874015748031
338,Electrike,Electric,,40,45,40,65,40,65,3,False,56.61764705882353
339,Manectric,Electric,,70,75,60,105,60,105,3,False,88.0
340,Mega Manectric,Electric,,70,75,80,135,80,135,3,False,91.7910447761194
341,Plusle,Electric,,60,50,40,85,75,95,3,False,75.40983606557377
342,Minun,Electric,,60,40,50,75,85,95,3,False,60.447761194029844
343,Volbeat,Bug,,65,73,55,47,75,85,3,False,68.46846846846847
344,Illumise,Bug,,65,47,55,73,75,85,3,False,65.0
345,Roselia,Grass,Poison,50,60,45,100,80,65,3,False,45.689655172413794
346,Gulpin,Poison,,70,43,53,43,53,40,3,False,19.090909090909093
347,Swalot,Poison,,100,73,83,73,83,55,3,False,37.1900826446281
348,Carvanha,Water,Dark,45,90,20,65,20,65,3,False,51.162790697674424
349,Sharpedo,Water,Dark,70,120,40,95,40,95,3,False,81.06060606060606
350,Mega Sharpedo,Water,Dark,70,140,70,110,65,105,3,False,95.0
351,Wailmer,Water,,130,70,35,70,35,60,3,False,40.17857142857143
352,Wailord,Water,,170,90,45,90,45,60,3,False,42.7536231884058
353,Numel,Fire,Ground,60,60,40,65,45,35,3,False,15.833333333333332
354,Camerupt,Fire,Ground,70,100,70,105,75,40,3,False,23.214285714285715
355,Mega Camerupt,Fire,Ground,70,120,100,145,105,20,3,False,28.24427480916031
356,Torkoal,Fire,,70,85,140,85,70,20,3,False,27.200000000000003
357,Spoink,Psychic,,60,25,35,70,80,60,3,False,30.76923076923077
358,Grumpig,Psychic,,80,45,65,90,110,80,3,False,54.629629629629626
359,Spinda,Normal,,60,60,60,60,60,60,3,False,38.095238095238095
360,Trapinch,Ground,,45,100,45,45,45,10,3,False,29.496402877697843
361,Vibrava,Ground,Dragon,50,70,50,50,50,70,3,False,56.451612903225815
362,Flygon,Ground,Dragon,80,100,80,80,80,100,3,False,90.51724137931035
363,Cacnea,Grass,,50,85,40,85,40,35,3,False,17.46031746031746
364,Cacturne,Grass,Dark,70,115,60,115,60,55,3,False,46.478873239436616
365,Swablu,Normal,Flying,45,40,60,40,75,50,3,False,29.268292682926827
366,Altaria,Dragon,Flying,75,70,90,70,105,80,3,False,65.60000000000001
367,Mega Altaria,Dragon,Fairy,75,110,110,110,105,80,3,False,65.69343065693431
368,Zangoose,Normal,,73,115,60,60,60,90,3,False,66.94915254237289
369,Seviper,Poison,,73,100,60,100,60,65,3,False,42.65734265734265
370,Lunatone,Rock,Psychic,70,55,65,95,85,70,3,False,53.07692307692308
371,Solrock,Rock,Psychic,70,95,85,55,65,70,3,False,50.0
372,Barboach,Water,Ground,50,48,43,46,41,60,3,False,47.2972972972973
373,Whiscash,Water,Ground,110,78,73,76,71,60,3,False,33.33333333333333
374,Corphish,Water,,43,80,65,50,35,35,3,False,14.193548387096774
375,Crawdaunt,Water,Dark,63,120,85,90,55,55,3,False,28.09917355371901
376,Baltoy,Ground,Psychic,40,40,55,40,70,55,3,False,40.939597315436245
377,Claydol,Ground,Psychic,60,70,105,70,120,75,3,False,59.83606557377049
378,Lileep,Rock,Grass,66,41,77,61,87,23,3,False,12.096774193548388
379,Cradily,Rock,Grass,86,81,97,81,107,43,3,False,20.3125
380,Anorith,Rock,Bug,45,95,50,40,50,75,3,False,54.0
381,Armaldo,Rock,Bug,75,125,100,70,80,45,3,False,33.035714285714285
382,Feebas,Water,,20,15,20,10,55,80,3,False,26.82926829268293
383,Milotic,Water,,95,60,79,100,125,81,3,False,62.01550387596899
384,Castform,Normal,,70,70,70,70,70,70,3,False,52.892561983471076
385,Kecleon,Normal,,60,90,70,60,120,40,3,False,27.419354838709676
386,Shuppet,Ghost,,44,75,35,63,33,45,3,False,26.47058823529412
387,Banette,Ghost,,64,115,65,83,63,65,3,False,53.23741007194245
388,Mega Banette,Ghost,,64,165,75,93,83,75,3,False,65.87301587301587
389,Duskull,Ghost,,20,40,90,30,90,25,3,False,11.363636363636363
390,Dusclops,Ghost,,40,70,130,60,130,25,3,False,17.355371900826448
391,Tropius,Grass,Flying,99,68,83,72,87,51,3,False,41.7910447761194
392,Chimecho,Psychic,,65,50,70,95,80,65,3,False,42.62295081967213
393,Absol,Dark,,65,130,60,75,60,75,3,False,68.9922480620155
394,Mega Absol,Dark,,65,150,60,115,60,115,3,False,93.5251798561151
395,Wynaut,Psychic,,95,23,48,23,48,23,3,False,4.615384615384616
396,Snorunt,Ice,,50,50,50,50,50,50,3,False,30.708661417322837
397,Glalie,Ice,,80,80,80,80,80,80,3,False,60.150375939849624
398,Mega Glalie,Ice,,80,120,80,120,80,100,3,False,84.78260869565217
399,Spheal,Ice,Water,70,40,50,55,50,25,3,False,6.106870229007633
400,Sealeo,Ice,Water,90,60,70,75,70,45,3,False,23.88059701492537
401,Walrein,Ice,Water,110,80,90,95,90,65,3,False,50.33557046979866
402,Clamperl,Water,,35,64,85,74,55,32,3,False,19.82758620689655
403,Huntail,Water,,55,104,105,94,75,52,3,False,36.36363636363637
404,Gorebyss,Water,,55,84,105,114,75,52,3,False,28.90625
405,Relicanth,Water,Rock,100,90,130,45,65,55,3,False,42.53731343283582
406,Luvdisc,Water,,43,30,55,40,65,97,3,False,60.30534351145038
407,Bagon,Dragon,,45,75,60,40,30,50,3,False,30.4
408,Shelgon,Dragon,,65,95,100,60,50,50,3,False,34.959349593495936
409,Salamence,Dragon,Flying,95,135,80,110,80,100,3,False,82.48175182481752
410,Mega Salamence,Dragon,Flying,95,145,130,120,90,120,3,False,93.98496240601504
411,Beldum,Steel,Psychic,40,55,80,35,60,30,3,False,15.037593984962406
412,Metang,Steel,Psychic,60,75,100,55,80,50,3,False,30.88235294117647
413,Metagross,Steel,Psychic,80,135,130,95,90,70,3,False,51.81818181818182
414,Mega Metagross,Steel,Psychic,80,145,150,105,110,110,3,False,86.92307692307692
415,Regirock,Rock,,80,100,200,50,100,50,3,True,34.72222222222222
416,Regice,Ice,,80,50,100,100,200,50,3,True,23.57142857142857
417,Registeel,Steel,,80,75,150,75,150,50,3,True,30.973451327433626
418,Latias,Dragon,Psychic,80,80,90,110,130,110,3,True,87.21804511278195
420,Latios,Dragon,Psychic,80,90,80,130,110,110,3,True,85.6
421,Mega Latios,Dragon,Psychic,80,130,100,160,120,110,3,True,89.81481481481481
422,Kyogre,Water,,100,100,90,150,140,90,3,True,71.875
423,Primal Kyogre,Water,,100,150,90,180,160,90,3,True,73.48484848484848
424,Groudon,Ground,,100,150,140,100,90,90,3,True,79.69924812030075
425,Primal Groudon,Ground,Fire,100,180,160,150,90,90,3,True,75.20661157024794
426,Rayquaza,Dragon,Flying,105,150,90,150,90,95,3,True,82.85714285714286
427,Mega Rayquaza,Dragon,Flying,105,180,100,180,100,115,3,True,94.77611940298507
428,Jirachi,Steel,Psychic,100,100,100,100,100,100,3,True,87.58169934640523
429,Deoxys Normal Forme,Psychic,,50,150,50,150,50,150,3,True,93.39622641509435
430,DeoxysAttack Forme,Psychic,,50,180,20,180,20,150,3,True,90.29850746268657
431,Deoxys Defense Forme,Psychic,,50,70,160,70,160,90,3,True,74.17218543046357
432,Deoxys Speed Forme,Psychic,,50,95,90,95,90,180,3,True,91.72413793103448
433,Turtwig,Grass,,55,68,64,45,55,31,4,False,11.666666666666666
434,Grotle,Grass,,75,89,85,55,65,36,4,False,29.545454545454547
435,Torterra,Grass,Ground,95,109,105,75,85,56,4,False,34.51327433628318
436,Chimchar,Fire,,44,58,44,58,44,61,4,False,41.964285714285715
437,Monferno,Fire,Fighting,64,78,52,78,52,81,4,False,64.22764227642277
438,Infernape,Fire,Fighting,76,104,71,104,71,108,4,False,91.2751677852349
439,Piplup,Water,,53,51,53,61,56,40,4,False,14.285714285714285
440,Prinplup,Water,,64,66,68,81,76,50,4,False,25.190839694656486
441,Empoleon,Water,Steel,84,86,88,111,101,60,4,False,46.34146341463415
442,Starly,Normal,Flying,40,55,30,30,30,60,4,False,43.54838709677419
443,Staravia,Normal,Flying,55,75,50,40,40,80,4,False,63.02521008403361
444,Staraptor,Normal,Flying,85,120,70,50,60,100,4,False,83.08823529411765
445,Bidoof,Normal,,59,45,40,35,40,31,4,False,14.285714285714285
446,Bibarel,Normal,Water,79,85,60,55,60,71,4,False,60.431654676258994
447,Kricketot,Bug,,37,25,41,25,41,25,4,False,8.870967741935484
448,Kricketune,Bug,,77,85,51,55,51,65,4,False,51.63934426229508
449,Shinx,Electric,,45,65,34,40,34,45,4,False,25.899280575539567
450,Luxio,Electric,,60,85,49,60,49,60,4,False,44.44444444444444
451,Luxray,Electric,,80,120,79,95,79,70,4,False,58.333333333333336
452,Budew,Grass,Poison,40,30,35,50,70,55,4,False,28.205128205128204
453,Roserade,Grass,Poison,60,70,65,125,105,90,4,False,69.11764705882352
454,Cranidos,Rock,,67,125,40,30,30,58,4,False,34.31372549019608
455,Rampardos,Rock,,97,165,60,65,50,58,4,False,39.02439024390244
456,Shieldon,Rock,Steel,30,42,118,42,88,30,4,False,11.200000000000001
457,Bastiodon,Rock,Steel,60,52,168,47,138,30,4,False,19.834710743801654
458,Burmy,Bug,,40,29,45,29,45,36,4,False,14.634146341463413
459,Wormadam Plant Cloak,Bug,Grass,60,59,85,79,105,36,4,False,16.666666666666664
460,Wormadam Sandy Cloak,Bug,Ground,60,79,105,59,85,36,4,False,17.05426356589147
461,Wormadam Trash Cloak,Bug,Steel,60,69,95,69,95,36,4,False,26.08695652173913
462,Mothim,Bug,Flying,70,94,50,94,50,66,4,False,48.148148148148145
463,Combee,Bug,Flying,30,30,42,30,42,70,4,False,42.30769230769231
464,Vespiquen,Bug,Flying,70,80,102,80,102,40,4,False,26.77165354330709
465,Pachirisu,Electric,,60,45,70,45,90,95,4,False,73.04964539007092
466,Buizel,Water,,55,65,35,60,30,85,4,False,61.261261261261254
467,Floatzel,Water,,85,105,55,85,50,115,4,False,90.32258064516128
468,Cherubi,Grass,,45,35,45,62,53,35,4,False,11.851851851851853
469,Cherrim,Grass,,70,60,70,87,78,85,4,False,62.28070175438597
470,Shellos,Water,,76,48,48,57,62,34,4,False,11.688311688311687
471,Gastrodon,Water,Ground,111,83,68,92,82,39,4,False,17.741935483870968
472,Ambipom,Normal,,75,100,66,60,66,115,4,False,91.8918918918919
473,Drifloon,Ghost,Flying,90,50,34,60,44,70,4,False,62.83185840707964
474,Drifblim,Ghost,Flying,150,80,44,90,54,80,4,False,62.5
475,Buneary,Normal,,55,66,44,44,56,85,4,False,68.88888888888889
476,Lopunny,Normal,,65,76,84,54,96,105,4,False,90.08264462809917
477,Mega Lopunny,Normal,Fighting,65,136,94,54,96,135,4,False,96.12403100775194
478,Mismagius,Ghost,,60,60,60,105,105,105,4,False,84.8
480,Glameow,Normal,,49,55,42,42,37,85,4,False,60.68376068376068
481,Purugly,Normal,,71,82,64,64,59,112,4,False,93.27731092436974
482,Chingling,Psychic,,45,30,50,65,50,45,4,False,13.821138211382115
483,Stunky,Poison,Dark,63,63,47,41,41,74,4,False,56.00000000000001
484,Skuntank,Poison,Dark,103,93,67,71,61,84,4,False,71.42857142857143
485,Bronzor,Steel,Psychic,57,24,86,24,86,23,4,False,12.727272727272727
486,Bronzong,Steel,Psychic,67,89,116,79,116,33,4,False,26.24113475177305
487,Bonsly,Rock,,50,80,95,10,45,10,4,False,23.200000000000003
488,Mime Jr.,Psychic,Fairy,20,25,45,70,90,60,4,False,30.833333333333336
490,Chatot,Normal,Flying,76,65,45,92,42,91,4,False,74.49664429530202
491,Spiritomb,Ghost,Dark,50,92,108,92,108,35,4,False,24.576271186440678
492,Gible,Dragon,Ground,58,70,45,40,45,42,4,False,25.925925925925924
493,Gabite,Dragon,Ground,68,90,65,50,55,82,4,False,61.65413533834586
494,Garchomp,Dragon,Ground,108,130,95,80,85,102,4,False,76.37795275590551
495,Mega Garchomp,Dragon,Ground,108,170,115,120,95,92,4,False,70.83333333333334
496,Munchlax,Normal,,135,85,40,40,85,5,4,False,68.64406779661016
497,Riolu,Fighting,,40,70,40,35,40,60,4,False,39.2
498,Lucario,Fighting,Steel,70,110,70,115,70,90,4,False,75.0
499,Mega Lucario,Fighting,Steel,70,145,88,140,70,112,4,False,88.88888888888889
500,Hippopotas,Ground,,68,72,78,38,42,32,4,False,23.809523809523807
501,Hippowdon,Ground,,108,112,118,68,72,47,4,False,29.166666666666668
502,Skorupi,Poison,Bug,40,50,90,30,55,65,4,False,44.680851063829785
503,Drapion,Poison,Dark,70,90,110,60,75,95,4,False,73.33333333333333
504,Croagunk,Poison,Fighting,48,61,40,61,40,50,4,False,25.438596491228072
505,Toxicroak,Poison,Fighting,83,106,65,86,65,85,4,False,66.40625
506,Carnivine,Grass,,74,100,72,90,72,46,4,False,24.561403508771928
507,Finneon,Water,,49,49,56,49,61,66,4,False,51.908396946564885
508,Lumineon,Water,,69,69,76,69,86,91,4,False,65.54621848739495
509,Mantyke,Water,Flying,45,20,50,60,120,50,4,False,24.074074074074073
510,Snover,Grass,Ice,60,62,50,62,60,40,4,False,18.181818181818183
511,Abomasnow,Grass,Ice,90,92,75,92,85,60,4,False,49.586776859504134
512,Mega Abomasnow,Grass,Ice,90,132,105,132,105,30,4,False,42.465753424657535
513,Weavile,Dark,Ice,70,120,65,45,85,125,4,False,97.47899159663865
514,Magnezone,Electric,Steel,70,70,115,130,90,60,4,False,53.38983050847458
515,Lickilicky,Normal,,110,85,95,80,95,50,4,False,27.131782945736433
516,Rhyperior,Ground,Rock,115,140,130,55,55,40,4,False,45.19230769230769
517,Tangrowth,Grass,,100,100,125,110,50,50,4,False,38.4
518,Electivire,Electric,,75,123,67,95,85,95,4,False,76.42276422764228
519,Magmortar,Fire,,75,95,67,125,95,83,4,False,71.17117117117117
520,Togekiss,Fairy,Flying,85,50,95,120,115,80,4,False,57.936507936507944
521,Yanmega,Bug,Flying,86,76,86,116,56,95,4,False,79.82456140350878
522,Leafeon,Grass,,65,110,130,60,65,95,4,False,82.78145695364239
523,Glaceon,Ice,,65,60,110,130,95,65,4,False,47.76119402985074
524,Gliscor,Ground,Flying,75,95,125,45,75,95,4,False,82.57575757575758
525,Mamoswine,Ice,Ground,110,130,80,70,60,80,4,False,58.620689655172406
526,Porygon-Z,Normal,,85,80,70,135,75,90,4,False,70.06802721088435
527,Gallade,Psychic,Fighting,68,125,65,65,115,80,4,False,62.77372262773723
528,Mega Gallade,Psychic,Fighting,68,165,95,65,115,110,4,False,86.15384615384616
529,Probopass,Rock,Steel,60,55,145,75,150,40,4,False,20.0
530,Dusknoir,Ghost,,45,100,135,65,135,45,4,False,29.411764705882355
531,Froslass,Ice,Ghost,70,80,70,80,70,110,4,False,65.94202898550725
532,Rotom,Electric,Ghost,50,50,77,95,77,91,4,False,59.166666666666664
533,Heat Rotom,Electric,Fire,50,65,107,105,107,86,4,False,69.91150442477876
534,Wash Rotom,Electric,Water,50,65,107,105,107,86,4,False,77.58620689655173
535,Frost Rotom,Electric,Ice,50,65,107,105,107,86,4,False,70.3125
536,Fan Rotom,Electric,Flying,50,65,107,105,107,86,4,False,72.72727272727273
537,Mow Rotom,Electric,Grass,50,65,107,105,107,86,4,False,73.13432835820896
538,Uxie,Psychic,,75,75,130,75,130,95,4,True,74.79674796747967
539,Mesprit,Psychic,,80,105,105,105,105,80,4,True,59.3984962406015
540,Azelf,Psychic,,75,125,70,125,70,115,4,True,90.37037037037037
541,Dialga,Steel,Dragon,100,120,120,150,100,90,4,True,78.80794701986756
542,Palkia,Water,Dragon,90,120,100,150,120,100,4,True,77.18120805369128
543,Heatran,Fire,Steel,91,90,106,130,106,77,4,True,64.8854961832061
544,Regigigas,Normal,,110,160,110,80,110,100,4,True,85.91549295774648
545,Giratina Altered Forme,Ghost,Dragon,150,100,120,100,120,90,4,True,66.66666666666666
546,Giratina Origin Forme,Ghost,Dragon,150,120,100,120,100,90,4,True,66.4179104477612
547,Cresselia,Psychic,,120,70,120,75,130,85,4,False,66.94915254237289
548,Phione,Water,,80,80,80,80,80,80,4,False,56.060606060606055
549,Manaphy,Water,,100,100,100,100,100,100,4,False,88.05970149253731
550,Darkrai,Dark,,70,90,90,135,90,125,4,True,94.01709401709401
551,Shaymin Land Forme,Grass,,100,100,100,100,100,100,4,True,86.02941176470588
552,Shaymin Sky Forme,Grass,Flying,100,103,75,120,75,127,4,True,94.0677966101695
553,Arceus,Normal,,120,120,120,120,120,120,4,True,93.44262295081968
554,Victini,Psychic,Fire,100,100,100,100,100,100,5,True,87.78625954198473
555,Snivy,Grass,,45,45,55,45,55,63,5,False,45.94594594594595
557,Serperior,Grass,,75,75,95,75,95,113,5,False,90.15151515151516
558,Tepig,Fire,,65,63,45,45,45,45,5,False,25.954198473282442
559,Pignite,Fire,Fighting,90,93,55,70,55,55,5,False,38.19444444444444
560,Emboar,Fire,Fighting,110,123,65,100,65,65,5,False,52.17391304347826
561,Oshawott,Water,,55,55,45,63,45,45,5,False,25.0
562,Dewott,Water,,75,75,60,83,60,60,5,False,39.34426229508197
563,Samurott,Water,,95,100,85,108,70,70,5,False,56.52173913043478
564,Patrat,Normal,,45,55,39,35,39,42,5,False,18.51851851851852
565,Watchog,Normal,,60,85,69,60,69,77,5,False,51.8796992481203
566,Lillipup,Normal,,45,60,45,25,45,55,5,False,28.999999999999996
567,Herdier,Normal,,65,80,65,35,65,60,5,False,38.405797101449274
568,Stoutland,Normal,,85,110,90,45,90,80,5,False,62.06896551724138
569,Purrloin,Dark,,41,50,37,50,37,66,5,False,51.75438596491229
570,Liepard,Dark,,64,88,50,88,50,106,5,False,91.11111111111111
571,Pansage,Grass,,50,53,48,53,48,64,5,False,40.76923076923077
572,Simisage,Grass,,75,98,63,98,63,101,5,False,80.91603053435115
573,Pansear,Fire,,50,53,48,53,48,64,5,False,46.15384615384615
574,Simisear,Fire,,75,98,63,98,63,101,5,False,88.9763779527559
575,Panpour,Water,,50,53,48,53,48,64,5,False,35.8974358974359
576,Simipour,Water,,75,98,63,98,63,101,5,False,84.9624060150376
578,Musharna,Psychic,,116,55,85,107,95,29,5,False,6.8181818181818175
579,Pidove,Normal,Flying,50,55,50,36,30,43,5,False,29.22077922077922
580,Tranquill,Normal,Flying,62,77,62,50,42,65,5,False,48.38709677419355
581,Unfezant,Normal,Flying,80,115,80,65,55,93,5,False,78.46153846153847
582,Blitzle,Electric,,45,60,32,50,32,76,5,False,59.25925925925925
583,Zebstrika,Electric,,75,100,63,80,63,116,5,False,93.45794392523365
584,Roggenrola,Rock,,55,75,85,25,25,15,5,False,18.75
585,Boldore,Rock,,70,105,105,50,40,20,5,False,33.587786259541986
586,Gigalith,Rock,,85,135,130,60,80,25,5,False,40.54054054054054
587,Woobat,Psychic,Flying,55,45,43,55,43,72,5,False,58.536585365853654
588,Swoobat,Psychic,Flying,67,57,55,77,55,114,5,False,88.79310344827587
589,Drilbur,Ground,,60,85,40,30,45,68,5,False,64.22018348623854
590,Excadrill,Ground,Steel,110,135,60,50,65,88,5,False,77.44360902255639
591,Audino,Normal,,103,60,86,60,86,50,5,False,34.58646616541353
592,Mega Audino,Normal,Fairy,103,60,126,80,126,50,5,False,36.36363636363637
593,Timburr,Fighting,,75,80,55,25,35,35,5,False,18.666666666666668
594,Gurdurr,Fighting,,85,105,85,40,50,40,5,False,21.1864406779661
595,Conkeldurr,Fighting,,105,140,95,55,65,45,5,False,30.0
596,Tympole,Water,,50,50,40,50,40,64,5,False,45.588235294117645
597,Palpitoad,Water,Ground,75,65,55,65,55,69,5,False,43.54838709677419
598,Seismitoad,Water,Ground,105,95,75,85,75,74,5,False,57.14285714285714
599,Throh,Fighting,,120,100,85,30,85,45,5,False,22.448979591836736
600,Sawk,Fighting,,75,125,75,30,75,85,5,False,62.5
601,Sewaddle,Bug,Grass,45,53,70,40,60,42,5,False,25.735294117647058
602,Swadloon,Bug,Grass,55,63,90,50,80,42,5,False,21.138211382113823
603,Leavanny,Bug,Grass,75,103,80,70,80,92,5,False,79.33884297520662
604,Venipede,Bug,Poison,30,45,59,30,39,57,5,False,28.030303030303028
605,Whirlipede,Bug,Poison,40,55,99,40,79,47,5,False,26.262626262626267
606,Scolipede,Bug,Poison,60,100,89,55,69,112,5,False,92.98245614035088
607,Cottonee,Grass,Fairy,40,27,60,37,50,66,5,False,36.22047244094488
608,Whimsicott,Grass,Fairy,60,67,85,77,75,116,5,False,88.88888888888889
609,Petilil,Grass,,45,35,50,70,50,30,5,False,15.753424657534246
610,Lilligant,Grass,,70,60,75,110,75,90,5,False,71.65354330708661
611,Basculin,Water,,70,92,65,80,55,98,5,False,80.9090909090909
612,Sandile,Ground,Dark,50,72,35,35,35,65,5,False,53.73134328358209
613,Krokorok,Ground,Dark,60,82,45,45,45,74,5,False,57.52212389380531
614,Krookodile,Ground,Dark,95,117,80,65,70,92,5,False,84.0909090909091
615,Darumaka,Fire,,70,90,45,15,45,50,5,False,36.29032258064516
616,Darmanitan Standard Mode,Fire,,105,140,55,30,55,95,5,False,81.95488721804512
617,Darmanitan Zen Mode,Fire,Psychic,105,30,105,140,105,55,5,False,35.24590163934426
619,Dwebble,Bug,Rock,50,65,85,35,35,55,5,False,32.57575757575758
620,Crustle,Bug,Rock,70,95,125,65,75,45,5,False,33.61344537815126
621,Scraggy,Dark,Fighting,50,75,70,35,70,48,5,False,29.357798165137616
622,Scrafty,Dark,Fighting,65,90,115,45,115,58,5,False,50.413223140495866
623,Sigilyph,Psychic,Flying,72,58,80,103,80,97,5,False,71.71052631578947
624,Yamask,Ghost,,38,30,85,55,65,30,5,False,21.428571428571427
625,Cofagrigus,Ghost,,58,50,145,95,105,30,5,False,24.59016393442623
626,Tirtouga,Water,Rock,54,78,103,53,45,22,5,False,23.25581395348837
627,Carracosta,Water,Rock,74,108,133,83,65,32,5,False,32.142857142857146
628,Archen,Rock,Flying,55,112,45,74,45,70,5,False,55.932203389830505
629,Archeops,Rock,Flying,75,140,65,112,65,110,5,False,91.40625
630,Trubbish,Poison,,50,50,62,40,62,65,5,False,41.88034188034188
631,Garbodor,Poison,,80,95,82,60,82,75,5,False,60.0
632,Zorua,Dark,,40,65,40,80,40,65,5,False,50.38167938931297
633,Zoroark,Dark,,60,105,60,120,60,105,5,False,88.49557522123894
634,Minccino,Normal,,55,50,40,40,40,75,5,False,59.45945945945946
635,Cinccino,Normal,,75,95,60,65,60,115,5,False,87.78625954198473
636,Gothita,Psychic,,45,30,50,55,65,45,5,False,20.8
637,Gothorita,Psychic,,60,45,70,75,85,55,5,False,30.081300813008134
638,Gothitelle,Psychic,,70,55,95,95,110,65,5,False,48.87218045112782
639,Solosis,Psychic,,45,30,40,105,50,20,5,False,3.10077519379845
640,Duosion,Psychic,,65,40,50,125,60,30,5,False,7.258064516129033
641,Reuniclus,Psychic,,110,65,75,125,85,30,5,False,15.0
642,Ducklett,Water,Flying,62,44,50,44,50,55,5,False,36.29032258064516
643,Swanna,Water,Flying,75,87,63,87,63,98,5,False,86.5546218487395
644,Vanillite,Ice,,36,50,50,65,60,44,5,False,16.363636363636363
645,Vanillish,Ice,,51,65,65,80,75,59,5,False,43.65079365079365
646,Vanilluxe,Ice,,71,95,85,110,95,79,5,False,66.4
647,Deerling,Normal,Grass,60,60,50,40,50,75,5,False,58.82352941176471
648,Sawsbuck,Normal,Grass,80,100,70,60,70,95,5,False,74.16666666666667
649,Emolga,Electric,Flying,55,75,60,75,60,103,5,False,79.82456140350878
650,Karrablast,Bug,,50,75,45,40,45,60,5,False,43.80165289256198
651,Escavalier,Bug,Steel,70,135,105,60,105,20,5,False,58.06451612903226
652,Foongus,Grass,Poison,69,55,45,55,55,15,5,False,11.666666666666666
653,Amoonguss,Grass,Poison,114,85,70,85,80,30,5,False,20.66115702479339
654,Frillish,Water,Ghost,55,40,50,65,85,40,5,False,31.818181818181817
656,Alomomola,Water,,165,75,80,40,45,65,5,False,51.515151515151516
657,Joltik,Bug,Electric,50,47,50,57,50,65,5,False,46.3768115942029
658,Galvantula,Bug,Electric,70,77,60,97,60,108,5,False,83.94160583941606
659,Ferroseed,Grass,Steel,44,50,91,24,86,10,5,False,19.81981981981982
660,Ferrothorn,Grass,Steel,74,94,131,54,116,20,5,False,44.85294117647059
661,Klink,Steel,,40,55,70,45,60,30,5,False,10.619469026548673
662,Klang,Steel,,60,80,95,70,85,50,5,False,22.31404958677686
663,Klinklang,Steel,,60,100,115,70,85,90,5,False,75.57251908396947
664,Tynamo,Electric,,35,55,40,45,40,60,5,False,35.714285714285715
665,Eelektrik,Electric,,65,85,70,75,70,40,5,False,20.3125
666,Eelektross,Electric,,85,115,80,105,80,50,5,False,30.630630630630627
667,Elgyem,Psychic,,55,55,55,85,55,30,5,False,13.20754716981132
668,Beheeyem,Psychic,,75,75,75,125,95,40,5,False,15.671641791044777
669,Litwick,Ghost,Fire,50,30,55,65,55,20,5,False,13.675213675213676
670,Lampent,Ghost,Fire,60,40,60,95,60,55,5,False,42.22222222222222
671,Chandelure,Ghost,Fire,60,55,90,145,90,80,5,False,60.71428571428571
672,Axew,Dragon,,46,87,60,30,40,57,5,False,37.77777777777778
673,Fraxure,Dragon,,66,117,70,40,50,67,5,False,45.73643410852713
674,Haxorus,Dragon,,76,147,90,60,70,97,5,False,82.67716535433071
675,Cubchoo,Ice,,55,70,40,60,40,40,5,False,26.956521739130434
676,Beartic,Ice,,95,110,80,70,80,50,5,False,37.2093023255814
677,Cryogonal,Ice,,70,50,30,95,135,105,5,False,80.4054054054054
678,Shelmet,Bug,,50,40,85,40,65,25,5,False,8.870967741935484
679,Accelgor,Bug,,80,70,40,100,60,145,5,False,92.1875
680,Stunfisk,Ground,Electric,109,66,84,81,99,32,5,False,20.13888888888889
681,Mienfoo,Fighting,,45,85,50,55,50,65,5,False,50.76923076923077
682,Mienshao,Fighting,,65,125,60,95,60,105,5,False,92.36641221374046
683,Druddigon,Dragon,,77,120,90,60,90,48,5,False,27.857142857142858
684,Golett,Ground,Ghost,59,74,50,35,50,35,5,False,31.25
685,Golurk,Ground,Ghost,89,124,80,55,80,55,5,False,57.14285714285714
686,Pawniard,Dark,Steel,45,85,70,40,40,60,5,False,52.293577981651374
687,Bisharp,Dark,Steel,65,125,100,60,70,70,5,False,60.99290780141844
688,Bouffalant,Normal,,95,110,95,40,95,55,5,False,40.33613445378151
689,Rufflet,Normal,Flying,70,83,50,37,50,60,5,False,33.60655737704918
690,Braviary,Normal,Flying,100,123,75,57,75,80,5,False,69.23076923076923
691,Vullaby,Dark,Flying,70,55,75,45,65,60,5,False,45.90163934426229
692,Mandibuzz,Dark,Flying,110,65,105,55,95,80,5,False,62.585034013605444
693,Heatmor,Fire,,85,97,66,105,66,65,5,False,47.107438016528924
694,Durant,Bug,Steel,58,109,112,48,48,109,5,False,88.05970149253731
695,Deino,Dark,Dragon,52,65,50,45,50,38,5,False,27.419354838709676
696,Zweilous,Dark,Dragon,72,85,70,65,70,58,5,False,41.30434782608695
697,Hydreigon,Dark,Dragon,92,105,90,125,90,98,5,False,82.17054263565892
698,Larvesta,Bug,Fire,55,85,55,50,55,60,5,False,42.33576642335766
699,Volcarona,Bug,Fire,85,60,65,135,105,100,5,False,75.18248175182481
700,Cobalion,Steel,Fighting,91,90,129,90,72,108,5,True,91.40625
701,Terrakion,Rock,Fighting,91,129,90,72,90,108,5,True,85.36585365853658
702,Virizion,Grass,Fighting,91,90,72,90,129,108,5,True,89.60000000000001
703,Tornadus Incarnate Forme,Flying,,79,115,70,125,80,111,5,True,84.68468468468468
704,Tornadus Therian Forme,Flying,,79,100,80,110,90,121,5,True,96.8
705,Thundurus Incarnate Forme,Electric,Flying,79,115,70,125,80,111,5,True,86.4
706,Thundurus Therian Forme,Electric,Flying,79,105,70,145,80,101,5,True,86.08695652173914
707,Reshiram,Dragon,Fire,100,120,100,150,120,90,5,True,72.8
708,Zekrom,Dragon,Electric,100,150,120,120,100,90,5,True,64.93506493506493
709,Landorus Incarnate Forme,Ground,Flying,89,125,90,115,80,101,5,True,87.25490196078431
710,Landorus Therian Forme,Ground,Flying,89,145,90,105,80,91,5,True,85.49618320610686
711,Kyurem,Dragon,Ice,125,130,90,130,90,95,5,True,77.34375
712,Kyurem Black Kyurem,Dragon,Ice,125,170,100,120,90,95,5,True,77.0
713,Kyurem White Kyurem,Dragon,Ice,125,120,90,170,100,95,5,True,78.125
714,Keldeo Ordinary Forme,Water,Fighting,91,72,90,129,90,108,5,False,86.20689655172413
715,Keldeo Resolute Forme,Water,Fighting,91,72,90,129,90,108,5,False,89.25619834710744
716,Meloetta Aria Forme,Normal,Psychic,100,77,77,128,128,90,5,False,69.01408450704226
717,Meloetta Pirouette Forme,Normal,Fighting,100,128,90,77,77,128,5,False,95.9349593495935
718,Genesect,Bug,Steel,71,120,95,120,95,99,5,False,82.03125
719,Chespin,Grass,,56,61,65,48,45,38,6,False,17.56756756756757
720,Quilladin,Grass,,61,78,95,56,58,57,6,False,40.33613445378151
721,Chesnaught,Grass,Fighting,88,107,122,74,75,64,6,False,45.96774193548387
722,Fennekin,Fire,,40,45,40,62,60,60,6,False,33.88429752066116
723,Braixen,Fire,,59,59,58,90,70,73,6,False,58.26086956521739
724,Delphox,Fire,Psychic,75,69,72,114,100,104,6,False,82.53968253968253
725,Froakie,Water,,41,56,40,62,44,71,6,False,56.8
726,Frogadier,Water,,54,63,52,83,56,97,6,False,76.97841726618705
727,Greninja,Water,Dark,72,95,67,103,71,122,6,False,96.06299212598425
728,Bunnelby,Normal,,38,36,38,32,36,57,6,False,38.93805309734513
729,Diggersby,Normal,Ground,85,56,77,50,77,78,6,False,53.125
730,Fletchling,Normal,Flying,45,50,43,40,38,62,6,False,40.44117647058824
731,Fletchinder,Fire,Flying,62,73,55,56,52,84,6,False,72.44094488188976
732,Talonflame,Fire,Flying,78,81,71,74,69,126,6,False,90.9090909090909
733,Scatterbug,Bug,,38,35,40,27,25,35,6,False,8.208955223880597
734,Spewpa,Bug,,45,22,60,27,30,29,6,False,7.518796992481203
735,Vivillon,Bug,Flying,80,52,50,90,50,89,6,False,66.66666666666666
736,Litleo,Fire,Normal,62,50,58,73,54,72,6,False,44.354838709677416
737,Pyroar,Fire,Normal,86,68,72,109,66,106,6,False,80.99173553719008
738,Flabébé,Fairy,,44,38,39,61,79,42,6,False,22.516556291390728
739,Floette,Fairy,,54,45,47,75,98,52,6,False,39.66942148760331
740,Florges,Fairy,,78,65,68,112,154,75,6,False,62.8099173553719
741,Skiddo,Grass,,66,65,48,62,57,52,6,False,36.22047244094488
742,Gogoat,Grass,,123,100,62,97,81,68,6,False,48.06201550387597
743,Pancham,Fighting,,67,82,62,46,48,43,6,False,22.033898305084744
744,Pangoro,Fighting,Dark,95,124,78,69,71,58,6,False,37.39837398373984
745,Furfrou,Normal,,75,80,60,65,90,102,6,False,86.25954198473282
746,Espurr,Psychic,,62,48,54,63,60,68,6,False,51.78571428571429
747,Meowstic Male,Psychic,,74,48,76,83,81,104,6,False,79.13043478260869
748,Meowstic Female,Psychic,,74,48,76,83,81,104,6,False,73.22834645669292
749,Honedge,Steel,Ghost,45,80,100,35,37,28,6,False,31.25
750,Doublade,Steel,Ghost,59,110,150,45,49,35,6,False,33.33333333333333
751,Aegislash Blade Forme,Steel,Ghost,60,150,50,150,50,60,6,False,50.0
752,Aegislash Shield Forme,Steel,Ghost,60,50,150,50,150,60,6,False,52.066115702479344
753,Spritzee,Fairy,,78,52,60,63,65,23,6,False,6.015037593984962
754,Aromatisse,Fairy,,101,72,72,99,89,29,6,False,19.379844961240313
755,Swirlix,Fairy,,62,48,66,59,57,49,6,False,33.88429752066116
756,Slurpuff,Fairy,,82,80,86,85,75,72,6,False,61.832061068702295
757,Inkay,Dark,Psychic,53,54,53,37,46,45,6,False,30.909090909090907
758,Malamar,Dark,Psychic,86,92,88,68,75,73,6,False,68.35443037974683
759,Binacle,Rock,Water,42,52,67,39,56,50,6,False,28.68217054263566
760,Barbaracle,Rock,Water,72,105,115,54,86,68,6,False,51.49253731343284
761,Skrelp,Poison,Water,50,60,60,60,60,30,6,False,11.29032258064516
762,Dragalge,Poison,Dragon,65,75,90,97,123,44,6,False,19.871794871794872
763,Clauncher,Water,,50,53,62,58,63,44,6,False,13.709677419354838
764,Clawitzer,Water,,71,73,88,120,89,59,6,False,43.53741496598639
765,Helioptile,Electric,Normal,44,38,33,61,43,70,6,False,52.67857142857143
766,Heliolisk,Electric,Normal,62,55,52,109,94,109,6,False,78.33333333333333
767,Tyrunt,Rock,Dragon,58,89,77,45,45,48,6,False,31.775700934579437
768,Tyrantrum,Rock,Dragon,82,121,119,69,59,71,6,False,53.94736842105263
769,Amaura,Rock,Ice,77,59,50,67,63,46,6,False,23.140495867768596
770,Aurorus,Rock,Ice,123,77,72,99,92,58,6,False,46.21212121212121
771,Sylveon,Fairy,,95,65,65,110,130,60,6,False,40.16393442622951
772,Hawlucha,Fighting,Flying,78,92,75,74,63,118,6,False,88.42975206611571
773,Dedenne,Electric,Fairy,67,58,57,81,67,101,6,False,87.90322580645162
774,Carbink,Rock,Fairy,50,50,150,50,150,50,6,False,25.71428571428571
775,Goomy,Dragon,,45,50,35,55,75,40,6,False,21.367521367521366
776,Sliggoo,Dragon,,68,75,53,83,113,60,6,False,45.38461538461539
777,Goodra,Dragon,,90,100,70,110,150,80,6,False,60.37735849056604
778,Klefki,Steel,Fairy,57,80,91,80,87,75,6,False,57.377049180327866
779,Phantump,Ghost,Grass,43,70,48,50,60,38,6,False,23.91304347826087
780,Trevenant,Ghost,Grass,85,110,76,65,82,56,6,False,39.33333333333333
781,Pumpkaboo Average Size,Ghost,Grass,49,66,70,44,55,51,6,False,42.608695652173914
783,Pumpkaboo Large Size,Ghost,Grass,54,66,70,44,55,46,6,False,42.14876033057851
784,Pumpkaboo Super Size,Ghost,Grass,59,66,70,44,55,41,6,False,25.190839694656486
785,Gourgeist Average Size,Ghost,Grass,65,90,122,58,75,84,6,False,71.875
786,Gourgeist Small Size,Ghost,Grass,55,85,122,58,75,99,6,False,80.99173553719008
787,Gourgeist Large Size,Ghost,Grass,75,95,122,58,75,69,6,False,57.25806451612904
788,Gourgeist Super Size,Ghost,Grass,85,100,122,58,75,54,6,False,39.39393939393939
789,Bergmite,Ice,,55,69,85,32,35,28,6,False,9.30232558139535
790,Avalugg,Ice,,95,117,184,44,46,28,6,False,29.75206611570248
791,Noibat,Flying,Dragon,40,30,35,45,40,55,6,False,31.496062992125985
792,Noivern,Flying,Dragon,85,70,80,97,80,123,6,False,93.04347826086956
793,Xerneas,Fairy,,126,131,95,131,98,99,6,True,82.94573643410853
794,Yveltal,Dark,Flying,126,131,95,131,98,99,6,True,81.02189781021897
795,Zygarde Half Forme,Dragon,Ground,108,100,121,81,95,95,6,True,74.76635514018692
796,Diancie,Rock,Fairy,50,100,150,100,150,50,6,True,37.142857142857146
797,Mega Diancie,Rock,Fairy,50,160,110,160,110,110,6,True,88.54961832061069
798,Hoopa Confined,Psychic,Ghost,80,110,60,150,130,70,6,True,50.42016806722689
799,Hoopa Unbound,Psychic,Dark,80,160,60,170,130,80,6,True,61.80555555555556
800,Volcanion,Fire,Water,80,110,120,130,90,70,6,True,61.98347107438017
